Copyright 1986-2022 Xilinx, Inc. All Rights Reserved. Copyright 2022-2025 Advanced Micro Devices, Inc. All Rights Reserved.
------------------------------------------------------------------------------------------------------------------------------------------------------------------------------------------------------------------------------------
| Tool Version : Vivado v.2025.1 (win64) Build 6140274 Thu May 22 00:12:29 MDT 2025
| Date         : Wed Jun 24 20:56:38 2026
| Host         : LAPTOP-6STAFKCC running 64-bit major release  (build 9200)
| Command      : report_timing_summary -max_paths 10 -routable_nets -report_unconstrained -file game_top_timing_summary_routed.rpt -pb game_top_timing_summary_routed.pb -rpx game_top_timing_summary_routed.rpx -warn_on_violation
| Design       : game_top
| Device       : 7k160t-ffg676
| Speed File   : -1  PRODUCTION 1.12 2017-02-17
| Design State : Routed
------------------------------------------------------------------------------------------------------------------------------------------------------------------------------------------------------------------------------------

Timing Summary Report

------------------------------------------------------------------------------------------------
| Timer Settings
| --------------
------------------------------------------------------------------------------------------------

  Enable Multi Corner Analysis               :  Yes
  Enable Pessimism Removal                   :  Yes
  Pessimism Removal Resolution               :  Nearest Common Node
  Enable Input Delay Default Clock           :  No
  Enable Preset / Clear Arcs                 :  No
  Disable Flight Delays                      :  No
  Ignore I/O Paths                           :  No
  Timing Early Launch at Borrowing Latches   :  No
  Borrow Time for Max Delay Exceptions       :  Yes
  Merge Timing Exceptions                    :  Yes
  Inter-SLR Compensation                     :  Conservative

  Corner  Analyze    Analyze    
  Name    Max Paths  Min Paths  
  ------  ---------  ---------  
  Slow    Yes        Yes        
  Fast    Yes        Yes        


------------------------------------------------------------------------------------------------
| Report Methodology
| ------------------
------------------------------------------------------------------------------------------------

Rule       Severity          Description                     Violations  
---------  ----------------  ------------------------------  ----------  
TIMING-17  Critical Warning  Non-clocked sequential cell     312         
TIMING-18  Warning           Missing input or output delay   23          
TIMING-20  Warning           Non-clocked latch               6           
LATCH-1    Advisory          Existing latches in the design  1           

Note: This report is based on the most recent report_methodology run and may not be up-to-date. Run report_methodology on the current design for the latest report.



check_timing report

Table of Contents
-----------------
1. checking no_clock (324)
2. checking constant_clock (0)
3. checking pulse_width_clock (0)
4. checking unconstrained_internal_endpoints (617)
5. checking no_input_delay (24)
6. checking no_output_delay (33)
7. checking multiple_clock (0)
8. checking generated_clocks (0)
9. checking loops (0)
10. checking partial_input_delay (0)
11. checking partial_output_delay (0)
12. checking latch_loops (0)

1. checking no_clock (324)
--------------------------
 There are 105 register/latch pins with no clock driven by root clock pin: clkdiv_reg[15]/Q (HIGH)

 There are 108 register/latch pins with no clock driven by root clock pin: clkdiv_reg[3]/Q (HIGH)

 There are 37 register/latch pins with no clock driven by root clock pin: clkdiv_reg[8]/Q (HIGH)

 There are 62 register/latch pins with no clock driven by root clock pin: u_vga_top/cdiv_reg[1]/Q (HIGH)

 There are 6 register/latch pins with no clock driven by root clock pin: u_vga_top/u_vgac/col_addr_reg[3]/Q (HIGH)

 There are 6 register/latch pins with no clock driven by root clock pin: u_vga_top/u_vgac/col_addr_reg[4]_rep/Q (HIGH)


2. checking constant_clock (0)
------------------------------
 There are 0 register/latch pins with constant_clock.


3. checking pulse_width_clock (0)
---------------------------------
 There are 0 register/latch pins which need pulse_width check


4. checking unconstrained_internal_endpoints (617)
--------------------------------------------------
 There are 617 pins that are not constrained for maximum delay. (HIGH)

 There are 0 pins that are not constrained for maximum delay due to constant clock.


5. checking no_input_delay (24)
-------------------------------
 There are 24 input ports with no input delay specified. (HIGH)

 There are 0 input ports with no input delay but user has a false path constraint.


6. checking no_output_delay (33)
--------------------------------
 There are 33 ports with no output delay specified. (HIGH)

 There are 0 ports with no output delay but user has a false path constraint

 There are 0 ports with no output delay but with a timing clock defined on it or propagating through it


7. checking multiple_clock (0)
------------------------------
 There are 0 register/latch pins with multiple clocks.


8. checking generated_clocks (0)
--------------------------------
 There are 0 generated clocks that are not connected to a clock source.


9. checking loops (0)
---------------------
 There are 0 combinational loops in the design.


10. checking partial_input_delay (0)
------------------------------------
 There are 0 input ports with partial input delay specified.


11. checking partial_output_delay (0)
-------------------------------------
 There are 0 ports with partial output delay specified.


12. checking latch_loops (0)
----------------------------
 There are 0 combinational latch loops in the design through latch input



------------------------------------------------------------------------------------------------
| Design Timing Summary
| ---------------------
------------------------------------------------------------------------------------------------

    WNS(ns)      TNS(ns)  TNS Failing Endpoints  TNS Total Endpoints      WHS(ns)      THS(ns)  THS Failing Endpoints  THS Total Endpoints     WPWS(ns)     TPWS(ns)  TPWS Failing Endpoints  TPWS Total Endpoints  
    -------      -------  ---------------------  -------------------      -------      -------  ---------------------  -------------------     --------     --------  ----------------------  --------------------  
      1.000        0.000                      0                 4403        0.108        0.000                      0                 4403        4.600        0.000                       0                  2996  


All user specified timing constraints are met.


------------------------------------------------------------------------------------------------
| Clock Summary
| -------------
------------------------------------------------------------------------------------------------

Clock      Waveform(ns)       Period(ns)      Frequency(MHz)
-----      ------------       ----------      --------------
clk100MHZ  {0.000 5.000}      10.000          100.000         


------------------------------------------------------------------------------------------------
| Intra Clock Table
| -----------------
------------------------------------------------------------------------------------------------

Clock             WNS(ns)      TNS(ns)  TNS Failing Endpoints  TNS Total Endpoints      WHS(ns)      THS(ns)  THS Failing Endpoints  THS Total Endpoints     WPWS(ns)     TPWS(ns)  TPWS Failing Endpoints  TPWS Total Endpoints  
-----             -------      -------  ---------------------  -------------------      -------      -------  ---------------------  -------------------     --------     --------  ----------------------  --------------------  
clk100MHZ           1.000        0.000                      0                 4403        0.108        0.000                      0                 4403        4.600        0.000                       0                  2996  


------------------------------------------------------------------------------------------------
| Inter Clock Table
| -----------------
------------------------------------------------------------------------------------------------

From Clock    To Clock          WNS(ns)      TNS(ns)  TNS Failing Endpoints  TNS Total Endpoints      WHS(ns)      THS(ns)  THS Failing Endpoints  THS Total Endpoints  
----------    --------          -------      -------  ---------------------  -------------------      -------      -------  ---------------------  -------------------  


------------------------------------------------------------------------------------------------
| Other Path Groups Table
| -----------------------
------------------------------------------------------------------------------------------------

Path Group    From Clock    To Clock          WNS(ns)      TNS(ns)  TNS Failing Endpoints  TNS Total Endpoints      WHS(ns)      THS(ns)  THS Failing Endpoints  THS Total Endpoints  
----------    ----------    --------          -------      -------  ---------------------  -------------------      -------      -------  ---------------------  -------------------  


------------------------------------------------------------------------------------------------
| User Ignored Path Table
| -----------------------
------------------------------------------------------------------------------------------------

Path Group    From Clock    To Clock    
----------    ----------    --------    


------------------------------------------------------------------------------------------------
| Unconstrained Path Table
| ------------------------
------------------------------------------------------------------------------------------------

Path Group    From Clock    To Clock    
----------    ----------    --------    
(none)                                    
(none)        clk100MHZ                   
(none)                      clk100MHZ     


------------------------------------------------------------------------------------------------
| Timing Details
| --------------
------------------------------------------------------------------------------------------------


---------------------------------------------------------------------------------------------------
From Clock:  clk100MHZ
  To Clock:  clk100MHZ

Setup :            0  Failing Endpoints,  Worst Slack        1.000ns,  Total Violation        0.000ns
Hold  :            0  Failing Endpoints,  Worst Slack        0.108ns,  Total Violation        0.000ns
PW    :            0  Failing Endpoints,  Worst Slack        4.600ns,  Total Violation        0.000ns
---------------------------------------------------------------------------------------------------


Max Delay Paths
--------------------------------------------------------------------------------------
Slack (MET) :             1.000ns  (required time - arrival time)
  Source:                 u_game_logic/pl_y_reg[4]/C
                            (rising edge-triggered cell FDPE clocked by clk100MHZ  {rise@0.000ns fall@5.000ns period=10.000ns})
  Destination:            u_game_logic/ob_act_reg[7]/D
                            (rising edge-triggered cell FDCE clocked by clk100MHZ  {rise@0.000ns fall@5.000ns period=10.000ns})
  Path Group:             clk100MHZ
  Path Type:              Setup (Max at Slow Process Corner)
  Requirement:            10.000ns  (clk100MHZ rise@10.000ns - clk100MHZ rise@0.000ns)
  Data Path Delay:        9.191ns  (logic 1.393ns (15.157%)  route 7.798ns (84.843%))
  Logic Levels:           11  (CARRY4=2 LUT2=1 LUT4=3 LUT5=1 LUT6=4)
  Clock Path Skew:        0.155ns (DCD - SCD + CPR)
    Destination Clock Delay (DCD):    4.716ns = ( 14.716 - 10.000 ) 
    Source Clock Delay      (SCD):    4.820ns
    Clock Pessimism Removal (CPR):    0.259ns
  Clock Uncertainty:      0.035ns  ((TSJ^2 + TIJ^2)^1/2 + DJ) / 2 + PE
    Total System Jitter     (TSJ):    0.071ns
    Total Input Jitter      (TIJ):    0.000ns
    Discrete Jitter          (DJ):    0.000ns
    Phase Error              (PE):    0.000ns

    Location             Delay type                Incr(ns)  Path(ns)    Netlist Resource(s)
  -------------------------------------------------------------------    -------------------
                         (clock clk100MHZ rise edge)
                                                      0.000     0.000 r  
    AC18                                              0.000     0.000 r  clk (IN)
                         net (fo=0)                   0.000     0.000    clk
    AC18                 IBUF (Prop_ibuf_I_O)         0.745     0.745 r  clk_IBUF_inst/O
                         net (fo=1, routed)           2.564     3.309    clk_IBUF
    BUFGCTRL_X0Y0        BUFG (Prop_bufg_I_O)         0.120     3.429 r  clk_IBUF_BUFG_inst/O
                         net (fo=2995, routed)        1.391     4.820    u_game_logic/clk_IBUF_BUFG
    SLICE_X45Y116        FDPE                                         r  u_game_logic/pl_y_reg[4]/C
  -------------------------------------------------------------------    -------------------
    SLICE_X45Y116        FDPE (Prop_fdpe_C_Q)         0.269     5.089 r  u_game_logic/pl_y_reg[4]/Q
                         net (fo=88, routed)          1.163     6.253    u_game_logic/pl_y_reg[8]_0[2]
    SLICE_X57Y126        LUT4 (Prop_lut4_I0_O)        0.053     6.306 r  u_game_logic/pb_y_r[143]_i_9/O
                         net (fo=67, routed)          0.478     6.783    u_game_logic/pb_y_r[143]_i_9_n_0
    SLICE_X53Y126        LUT4 (Prop_lut4_I2_O)        0.053     6.836 r  u_game_logic/eb_act[57]_i_66/O
                         net (fo=64, routed)          0.953     7.790    u_game_logic/eb_act[57]_i_66_n_0
    SLICE_X55Y139        LUT4 (Prop_lut4_I0_O)        0.053     7.843 r  u_game_logic/eb_act[2]_i_32/O
                         net (fo=1, routed)           0.000     7.843    u_game_logic/eb_act[2]_i_32_n_0
    SLICE_X55Y139        CARRY4 (Prop_carry4_S[3]_CO[3])
                                                      0.233     8.076 r  u_game_logic/eb_act_reg[2]_i_11/CO[3]
                         net (fo=1, routed)           0.000     8.076    u_game_logic/eb_act_reg[2]_i_11_n_0
    SLICE_X55Y140        CARRY4 (Prop_carry4_CI_CO[0])
                                                      0.179     8.255 f  u_game_logic/eb_act_reg[2]_i_5/CO[0]
                         net (fo=1, routed)           0.560     8.815    u_game_logic/hit_player22740_in
    SLICE_X50Y139        LUT5 (Prop_lut5_I1_O)        0.157     8.972 f  u_game_logic/eb_act[2]_i_3/O
                         net (fo=2, routed)           0.796     9.767    u_game_logic/eb_act[2]_i_3_n_0
    SLICE_X51Y124        LUT6 (Prop_lut6_I5_O)        0.053     9.820 f  u_game_logic/FSM_sequential_state[2]_i_27/O
                         net (fo=1, routed)           0.580    10.400    u_game_logic/FSM_sequential_state[2]_i_27_n_0
    SLICE_X51Y128        LUT6 (Prop_lut6_I3_O)        0.053    10.453 r  u_game_logic/FSM_sequential_state[2]_i_7/O
                         net (fo=2, routed)           0.607    11.061    u_game_logic/FSM_sequential_state[2]_i_7_n_0
    SLICE_X48Y122        LUT6 (Prop_lut6_I3_O)        0.053    11.114 r  u_game_logic/FSM_sequential_state[2]_i_2/O
                         net (fo=30, routed)          0.831    11.945    u_game_logic/FSM_sequential_state[2]_i_2_n_0
    SLICE_X37Y123        LUT2 (Prop_lut2_I0_O)        0.067    12.012 r  u_game_logic/pb_act[15]_i_3/O
                         net (fo=22, routed)          1.829    13.841    u_game_logic/pb_act[15]_i_3_n_0
    SLICE_X16Y89         LUT6 (Prop_lut6_I0_O)        0.170    14.011 r  u_game_logic/ob_act[7]_i_1/O
                         net (fo=1, routed)           0.000    14.011    u_game_logic/ob_act[7]_i_1_n_0
    SLICE_X16Y89         FDCE                                         r  u_game_logic/ob_act_reg[7]/D
  -------------------------------------------------------------------    -------------------

                         (clock clk100MHZ rise edge)
                                                     10.000    10.000 r  
    AC18                                              0.000    10.000 r  clk (IN)
                         net (fo=0)                   0.000    10.000    clk
    AC18                 IBUF (Prop_ibuf_I_O)         0.620    10.620 r  clk_IBUF_inst/O
                         net (fo=1, routed)           2.447    13.067    clk_IBUF
    BUFGCTRL_X0Y0        BUFG (Prop_bufg_I_O)         0.113    13.180 r  clk_IBUF_BUFG_inst/O
                         net (fo=2995, routed)        1.536    14.716    u_game_logic/clk_IBUF_BUFG
    SLICE_X16Y89         FDCE                                         r  u_game_logic/ob_act_reg[7]/C
                         clock pessimism              0.259    14.975    
                         clock uncertainty           -0.035    14.940    
    SLICE_X16Y89         FDCE (Setup_fdce_C_D)        0.071    15.011    u_game_logic/ob_act_reg[7]
  -------------------------------------------------------------------
                         required time                         15.011    
                         arrival time                         -14.011    
  -------------------------------------------------------------------
                         slack                                  1.000    

Slack (MET) :             1.015ns  (required time - arrival time)
  Source:                 u_game_logic/pl_y_reg[4]/C
                            (rising edge-triggered cell FDPE clocked by clk100MHZ  {rise@0.000ns fall@5.000ns period=10.000ns})
  Destination:            u_game_logic/pl_y_reg[1]_rep/CE
                            (rising edge-triggered cell FDCE clocked by clk100MHZ  {rise@0.000ns fall@5.000ns period=10.000ns})
  Path Group:             clk100MHZ
  Path Type:              Setup (Max at Slow Process Corner)
  Requirement:            10.000ns  (clk100MHZ rise@10.000ns - clk100MHZ rise@0.000ns)
  Data Path Delay:        8.551ns  (logic 1.265ns (14.794%)  route 7.286ns (85.206%))
  Logic Levels:           11  (CARRY4=2 LUT3=1 LUT4=4 LUT5=1 LUT6=3)
  Clock Path Skew:        -0.040ns (DCD - SCD + CPR)
    Destination Clock Delay (DCD):    4.449ns = ( 14.449 - 10.000 ) 
    Source Clock Delay      (SCD):    4.820ns
    Clock Pessimism Removal (CPR):    0.331ns
  Clock Uncertainty:      0.035ns  ((TSJ^2 + TIJ^2)^1/2 + DJ) / 2 + PE
    Total System Jitter     (TSJ):    0.071ns
    Total Input Jitter      (TIJ):    0.000ns
    Discrete Jitter          (DJ):    0.000ns
    Phase Error              (PE):    0.000ns

    Location             Delay type                Incr(ns)  Path(ns)    Netlist Resource(s)
  -------------------------------------------------------------------    -------------------
                         (clock clk100MHZ rise edge)
                                                      0.000     0.000 r  
    AC18                                              0.000     0.000 r  clk (IN)
                         net (fo=0)                   0.000     0.000    clk
    AC18                 IBUF (Prop_ibuf_I_O)         0.745     0.745 r  clk_IBUF_inst/O
                         net (fo=1, routed)           2.564     3.309    clk_IBUF
    BUFGCTRL_X0Y0        BUFG (Prop_bufg_I_O)         0.120     3.429 r  clk_IBUF_BUFG_inst/O
                         net (fo=2995, routed)        1.391     4.820    u_game_logic/clk_IBUF_BUFG
    SLICE_X45Y116        FDPE                                         r  u_game_logic/pl_y_reg[4]/C
  -------------------------------------------------------------------    -------------------
    SLICE_X45Y116        FDPE (Prop_fdpe_C_Q)         0.269     5.089 r  u_game_logic/pl_y_reg[4]/Q
                         net (fo=88, routed)          1.163     6.253    u_game_logic/pl_y_reg[8]_0[2]
    SLICE_X57Y126        LUT4 (Prop_lut4_I0_O)        0.053     6.306 r  u_game_logic/pb_y_r[143]_i_9/O
                         net (fo=67, routed)          0.478     6.783    u_game_logic/pb_y_r[143]_i_9_n_0
    SLICE_X53Y126        LUT4 (Prop_lut4_I2_O)        0.053     6.836 r  u_game_logic/eb_act[57]_i_66/O
                         net (fo=64, routed)          0.953     7.790    u_game_logic/eb_act[57]_i_66_n_0
    SLICE_X55Y139        LUT4 (Prop_lut4_I0_O)        0.053     7.843 r  u_game_logic/eb_act[2]_i_32/O
                         net (fo=1, routed)           0.000     7.843    u_game_logic/eb_act[2]_i_32_n_0
    SLICE_X55Y139        CARRY4 (Prop_carry4_S[3]_CO[3])
                                                      0.233     8.076 r  u_game_logic/eb_act_reg[2]_i_11/CO[3]
                         net (fo=1, routed)           0.000     8.076    u_game_logic/eb_act_reg[2]_i_11_n_0
    SLICE_X55Y140        CARRY4 (Prop_carry4_CI_CO[0])
                                                      0.179     8.255 r  u_game_logic/eb_act_reg[2]_i_5/CO[0]
                         net (fo=1, routed)           0.560     8.815    u_game_logic/hit_player22740_in
    SLICE_X50Y139        LUT5 (Prop_lut5_I1_O)        0.157     8.972 r  u_game_logic/eb_act[2]_i_3/O
                         net (fo=2, routed)           0.796     9.767    u_game_logic/eb_act[2]_i_3_n_0
    SLICE_X51Y124        LUT6 (Prop_lut6_I5_O)        0.053     9.820 r  u_game_logic/FSM_sequential_state[2]_i_27/O
                         net (fo=1, routed)           0.580    10.400    u_game_logic/FSM_sequential_state[2]_i_27_n_0
    SLICE_X51Y128        LUT6 (Prop_lut6_I3_O)        0.053    10.453 f  u_game_logic/FSM_sequential_state[2]_i_7/O
                         net (fo=2, routed)           0.771    11.225    u_game_logic/FSM_sequential_state[2]_i_7_n_0
    SLICE_X46Y125        LUT6 (Prop_lut6_I5_O)        0.053    11.278 r  u_game_logic/pl_hp[2]_i_2/O
                         net (fo=8, routed)           0.404    11.681    u_game_logic/pl_hp[2]_i_2_n_0
    SLICE_X47Y125        LUT4 (Prop_lut4_I0_O)        0.053    11.734 r  u_game_logic/pl_y[8]_i_3/O
                         net (fo=44, routed)          0.885    12.620    u_game_logic/pl_y[8]_i_3_n_0
    SLICE_X54Y118        LUT3 (Prop_lut3_I1_O)        0.056    12.676 r  u_game_logic/pl_y[8]_i_1/O
                         net (fo=19, routed)          0.695    13.371    u_game_logic/pl_y[8]_i_1_n_0
    SLICE_X53Y126        FDCE                                         r  u_game_logic/pl_y_reg[1]_rep/CE
  -------------------------------------------------------------------    -------------------

                         (clock clk100MHZ rise edge)
                                                     10.000    10.000 r  
    AC18                                              0.000    10.000 r  clk (IN)
                         net (fo=0)                   0.000    10.000    clk
    AC18                 IBUF (Prop_ibuf_I_O)         0.620    10.620 r  clk_IBUF_inst/O
                         net (fo=1, routed)           2.447    13.067    clk_IBUF
    BUFGCTRL_X0Y0        BUFG (Prop_bufg_I_O)         0.113    13.180 r  clk_IBUF_BUFG_inst/O
                         net (fo=2995, routed)        1.269    14.449    u_game_logic/clk_IBUF_BUFG
    SLICE_X53Y126        FDCE                                         r  u_game_logic/pl_y_reg[1]_rep/C
                         clock pessimism              0.331    14.780    
                         clock uncertainty           -0.035    14.745    
    SLICE_X53Y126        FDCE (Setup_fdce_C_CE)      -0.359    14.386    u_game_logic/pl_y_reg[1]_rep
  -------------------------------------------------------------------
                         required time                         14.386    
                         arrival time                         -13.371    
  -------------------------------------------------------------------
                         slack                                  1.015    

Slack (MET) :             1.015ns  (required time - arrival time)
  Source:                 u_game_logic/pl_y_reg[4]/C
                            (rising edge-triggered cell FDPE clocked by clk100MHZ  {rise@0.000ns fall@5.000ns period=10.000ns})
  Destination:            u_game_logic/pl_y_reg[1]_rep__0/CE
                            (rising edge-triggered cell FDCE clocked by clk100MHZ  {rise@0.000ns fall@5.000ns period=10.000ns})
  Path Group:             clk100MHZ
  Path Type:              Setup (Max at Slow Process Corner)
  Requirement:            10.000ns  (clk100MHZ rise@10.000ns - clk100MHZ rise@0.000ns)
  Data Path Delay:        8.551ns  (logic 1.265ns (14.794%)  route 7.286ns (85.206%))
  Logic Levels:           11  (CARRY4=2 LUT3=1 LUT4=4 LUT5=1 LUT6=3)
  Clock Path Skew:        -0.040ns (DCD - SCD + CPR)
    Destination Clock Delay (DCD):    4.449ns = ( 14.449 - 10.000 ) 
    Source Clock Delay      (SCD):    4.820ns
    Clock Pessimism Removal (CPR):    0.331ns
  Clock Uncertainty:      0.035ns  ((TSJ^2 + TIJ^2)^1/2 + DJ) / 2 + PE
    Total System Jitter     (TSJ):    0.071ns
    Total Input Jitter      (TIJ):    0.000ns
    Discrete Jitter          (DJ):    0.000ns
    Phase Error              (PE):    0.000ns

    Location             Delay type                Incr(ns)  Path(ns)    Netlist Resource(s)
  -------------------------------------------------------------------    -------------------
                         (clock clk100MHZ rise edge)
                                                      0.000     0.000 r  
    AC18                                              0.000     0.000 r  clk (IN)
                         net (fo=0)                   0.000     0.000    clk
    AC18                 IBUF (Prop_ibuf_I_O)         0.745     0.745 r  clk_IBUF_inst/O
                         net (fo=1, routed)           2.564     3.309    clk_IBUF
    BUFGCTRL_X0Y0        BUFG (Prop_bufg_I_O)         0.120     3.429 r  clk_IBUF_BUFG_inst/O
                         net (fo=2995, routed)        1.391     4.820    u_game_logic/clk_IBUF_BUFG
    SLICE_X45Y116        FDPE                                         r  u_game_logic/pl_y_reg[4]/C
  -------------------------------------------------------------------    -------------------
    SLICE_X45Y116        FDPE (Prop_fdpe_C_Q)         0.269     5.089 r  u_game_logic/pl_y_reg[4]/Q
                         net (fo=88, routed)          1.163     6.253    u_game_logic/pl_y_reg[8]_0[2]
    SLICE_X57Y126        LUT4 (Prop_lut4_I0_O)        0.053     6.306 r  u_game_logic/pb_y_r[143]_i_9/O
                         net (fo=67, routed)          0.478     6.783    u_game_logic/pb_y_r[143]_i_9_n_0
    SLICE_X53Y126        LUT4 (Prop_lut4_I2_O)        0.053     6.836 r  u_game_logic/eb_act[57]_i_66/O
                         net (fo=64, routed)          0.953     7.790    u_game_logic/eb_act[57]_i_66_n_0
    SLICE_X55Y139        LUT4 (Prop_lut4_I0_O)        0.053     7.843 r  u_game_logic/eb_act[2]_i_32/O
                         net (fo=1, routed)           0.000     7.843    u_game_logic/eb_act[2]_i_32_n_0
    SLICE_X55Y139        CARRY4 (Prop_carry4_S[3]_CO[3])
                                                      0.233     8.076 r  u_game_logic/eb_act_reg[2]_i_11/CO[3]
                         net (fo=1, routed)           0.000     8.076    u_game_logic/eb_act_reg[2]_i_11_n_0
    SLICE_X55Y140        CARRY4 (Prop_carry4_CI_CO[0])
                                                      0.179     8.255 r  u_game_logic/eb_act_reg[2]_i_5/CO[0]
                         net (fo=1, routed)           0.560     8.815    u_game_logic/hit_player22740_in
    SLICE_X50Y139        LUT5 (Prop_lut5_I1_O)        0.157     8.972 r  u_game_logic/eb_act[2]_i_3/O
                         net (fo=2, routed)           0.796     9.767    u_game_logic/eb_act[2]_i_3_n_0
    SLICE_X51Y124        LUT6 (Prop_lut6_I5_O)        0.053     9.820 r  u_game_logic/FSM_sequential_state[2]_i_27/O
                         net (fo=1, routed)           0.580    10.400    u_game_logic/FSM_sequential_state[2]_i_27_n_0
    SLICE_X51Y128        LUT6 (Prop_lut6_I3_O)        0.053    10.453 f  u_game_logic/FSM_sequential_state[2]_i_7/O
                         net (fo=2, routed)           0.771    11.225    u_game_logic/FSM_sequential_state[2]_i_7_n_0
    SLICE_X46Y125        LUT6 (Prop_lut6_I5_O)        0.053    11.278 r  u_game_logic/pl_hp[2]_i_2/O
                         net (fo=8, routed)           0.404    11.681    u_game_logic/pl_hp[2]_i_2_n_0
    SLICE_X47Y125        LUT4 (Prop_lut4_I0_O)        0.053    11.734 r  u_game_logic/pl_y[8]_i_3/O
                         net (fo=44, routed)          0.885    12.620    u_game_logic/pl_y[8]_i_3_n_0
    SLICE_X54Y118        LUT3 (Prop_lut3_I1_O)        0.056    12.676 r  u_game_logic/pl_y[8]_i_1/O
                         net (fo=19, routed)          0.695    13.371    u_game_logic/pl_y[8]_i_1_n_0
    SLICE_X53Y126        FDCE                                         r  u_game_logic/pl_y_reg[1]_rep__0/CE
  -------------------------------------------------------------------    -------------------

                         (clock clk100MHZ rise edge)
                                                     10.000    10.000 r  
    AC18                                              0.000    10.000 r  clk (IN)
                         net (fo=0)                   0.000    10.000    clk
    AC18                 IBUF (Prop_ibuf_I_O)         0.620    10.620 r  clk_IBUF_inst/O
                         net (fo=1, routed)           2.447    13.067    clk_IBUF
    BUFGCTRL_X0Y0        BUFG (Prop_bufg_I_O)         0.113    13.180 r  clk_IBUF_BUFG_inst/O
                         net (fo=2995, routed)        1.269    14.449    u_game_logic/clk_IBUF_BUFG
    SLICE_X53Y126        FDCE                                         r  u_game_logic/pl_y_reg[1]_rep__0/C
                         clock pessimism              0.331    14.780    
                         clock uncertainty           -0.035    14.745    
    SLICE_X53Y126        FDCE (Setup_fdce_C_CE)      -0.359    14.386    u_game_logic/pl_y_reg[1]_rep__0
  -------------------------------------------------------------------
                         required time                         14.386    
                         arrival time                         -13.371    
  -------------------------------------------------------------------
                         slack                                  1.015    

Slack (MET) :             1.015ns  (required time - arrival time)
  Source:                 u_game_logic/pl_y_reg[4]/C
                            (rising edge-triggered cell FDPE clocked by clk100MHZ  {rise@0.000ns fall@5.000ns period=10.000ns})
  Destination:            u_game_logic/pl_y_reg[6]/CE
                            (rising edge-triggered cell FDCE clocked by clk100MHZ  {rise@0.000ns fall@5.000ns period=10.000ns})
  Path Group:             clk100MHZ
  Path Type:              Setup (Max at Slow Process Corner)
  Requirement:            10.000ns  (clk100MHZ rise@10.000ns - clk100MHZ rise@0.000ns)
  Data Path Delay:        8.551ns  (logic 1.265ns (14.794%)  route 7.286ns (85.206%))
  Logic Levels:           11  (CARRY4=2 LUT3=1 LUT4=4 LUT5=1 LUT6=3)
  Clock Path Skew:        -0.040ns (DCD - SCD + CPR)
    Destination Clock Delay (DCD):    4.449ns = ( 14.449 - 10.000 ) 
    Source Clock Delay      (SCD):    4.820ns
    Clock Pessimism Removal (CPR):    0.331ns
  Clock Uncertainty:      0.035ns  ((TSJ^2 + TIJ^2)^1/2 + DJ) / 2 + PE
    Total System Jitter     (TSJ):    0.071ns
    Total Input Jitter      (TIJ):    0.000ns
    Discrete Jitter          (DJ):    0.000ns
    Phase Error              (PE):    0.000ns

    Location             Delay type                Incr(ns)  Path(ns)    Netlist Resource(s)
  -------------------------------------------------------------------    -------------------
                         (clock clk100MHZ rise edge)
                                                      0.000     0.000 r  
    AC18                                              0.000     0.000 r  clk (IN)
                         net (fo=0)                   0.000     0.000    clk
    AC18                 IBUF (Prop_ibuf_I_O)         0.745     0.745 r  clk_IBUF_inst/O
                         net (fo=1, routed)           2.564     3.309    clk_IBUF
    BUFGCTRL_X0Y0        BUFG (Prop_bufg_I_O)         0.120     3.429 r  clk_IBUF_BUFG_inst/O
                         net (fo=2995, routed)        1.391     4.820    u_game_logic/clk_IBUF_BUFG
    SLICE_X45Y116        FDPE                                         r  u_game_logic/pl_y_reg[4]/C
  -------------------------------------------------------------------    -------------------
    SLICE_X45Y116        FDPE (Prop_fdpe_C_Q)         0.269     5.089 r  u_game_logic/pl_y_reg[4]/Q
                         net (fo=88, routed)          1.163     6.253    u_game_logic/pl_y_reg[8]_0[2]
    SLICE_X57Y126        LUT4 (Prop_lut4_I0_O)        0.053     6.306 r  u_game_logic/pb_y_r[143]_i_9/O
                         net (fo=67, routed)          0.478     6.783    u_game_logic/pb_y_r[143]_i_9_n_0
    SLICE_X53Y126        LUT4 (Prop_lut4_I2_O)        0.053     6.836 r  u_game_logic/eb_act[57]_i_66/O
                         net (fo=64, routed)          0.953     7.790    u_game_logic/eb_act[57]_i_66_n_0
    SLICE_X55Y139        LUT4 (Prop_lut4_I0_O)        0.053     7.843 r  u_game_logic/eb_act[2]_i_32/O
                         net (fo=1, routed)           0.000     7.843    u_game_logic/eb_act[2]_i_32_n_0
    SLICE_X55Y139        CARRY4 (Prop_carry4_S[3]_CO[3])
                                                      0.233     8.076 r  u_game_logic/eb_act_reg[2]_i_11/CO[3]
                         net (fo=1, routed)           0.000     8.076    u_game_logic/eb_act_reg[2]_i_11_n_0
    SLICE_X55Y140        CARRY4 (Prop_carry4_CI_CO[0])
                                                      0.179     8.255 r  u_game_logic/eb_act_reg[2]_i_5/CO[0]
                         net (fo=1, routed)           0.560     8.815    u_game_logic/hit_player22740_in
    SLICE_X50Y139        LUT5 (Prop_lut5_I1_O)        0.157     8.972 r  u_game_logic/eb_act[2]_i_3/O
                         net (fo=2, routed)           0.796     9.767    u_game_logic/eb_act[2]_i_3_n_0
    SLICE_X51Y124        LUT6 (Prop_lut6_I5_O)        0.053     9.820 r  u_game_logic/FSM_sequential_state[2]_i_27/O
                         net (fo=1, routed)           0.580    10.400    u_game_logic/FSM_sequential_state[2]_i_27_n_0
    SLICE_X51Y128        LUT6 (Prop_lut6_I3_O)        0.053    10.453 f  u_game_logic/FSM_sequential_state[2]_i_7/O
                         net (fo=2, routed)           0.771    11.225    u_game_logic/FSM_sequential_state[2]_i_7_n_0
    SLICE_X46Y125        LUT6 (Prop_lut6_I5_O)        0.053    11.278 r  u_game_logic/pl_hp[2]_i_2/O
                         net (fo=8, routed)           0.404    11.681    u_game_logic/pl_hp[2]_i_2_n_0
    SLICE_X47Y125        LUT4 (Prop_lut4_I0_O)        0.053    11.734 r  u_game_logic/pl_y[8]_i_3/O
                         net (fo=44, routed)          0.885    12.620    u_game_logic/pl_y[8]_i_3_n_0
    SLICE_X54Y118        LUT3 (Prop_lut3_I1_O)        0.056    12.676 r  u_game_logic/pl_y[8]_i_1/O
                         net (fo=19, routed)          0.695    13.371    u_game_logic/pl_y[8]_i_1_n_0
    SLICE_X53Y126        FDCE                                         r  u_game_logic/pl_y_reg[6]/CE
  -------------------------------------------------------------------    -------------------

                         (clock clk100MHZ rise edge)
                                                     10.000    10.000 r  
    AC18                                              0.000    10.000 r  clk (IN)
                         net (fo=0)                   0.000    10.000    clk
    AC18                 IBUF (Prop_ibuf_I_O)         0.620    10.620 r  clk_IBUF_inst/O
                         net (fo=1, routed)           2.447    13.067    clk_IBUF
    BUFGCTRL_X0Y0        BUFG (Prop_bufg_I_O)         0.113    13.180 r  clk_IBUF_BUFG_inst/O
                         net (fo=2995, routed)        1.269    14.449    u_game_logic/clk_IBUF_BUFG
    SLICE_X53Y126        FDCE                                         r  u_game_logic/pl_y_reg[6]/C
                         clock pessimism              0.331    14.780    
                         clock uncertainty           -0.035    14.745    
    SLICE_X53Y126        FDCE (Setup_fdce_C_CE)      -0.359    14.386    u_game_logic/pl_y_reg[6]
  -------------------------------------------------------------------
                         required time                         14.386    
                         arrival time                         -13.371    
  -------------------------------------------------------------------
                         slack                                  1.015    

Slack (MET) :             1.043ns  (required time - arrival time)
  Source:                 u_game_logic/pl_y_reg[4]/C
                            (rising edge-triggered cell FDPE clocked by clk100MHZ  {rise@0.000ns fall@5.000ns period=10.000ns})
  Destination:            u_game_logic/pl_y_reg[1]_rep__1/CE
                            (rising edge-triggered cell FDCE clocked by clk100MHZ  {rise@0.000ns fall@5.000ns period=10.000ns})
  Path Group:             clk100MHZ
  Path Type:              Setup (Max at Slow Process Corner)
  Requirement:            10.000ns  (clk100MHZ rise@10.000ns - clk100MHZ rise@0.000ns)
  Data Path Delay:        8.523ns  (logic 1.265ns (14.843%)  route 7.258ns (85.157%))
  Logic Levels:           11  (CARRY4=2 LUT3=1 LUT4=4 LUT5=1 LUT6=3)
  Clock Path Skew:        -0.040ns (DCD - SCD + CPR)
    Destination Clock Delay (DCD):    4.449ns = ( 14.449 - 10.000 ) 
    Source Clock Delay      (SCD):    4.820ns
    Clock Pessimism Removal (CPR):    0.331ns
  Clock Uncertainty:      0.035ns  ((TSJ^2 + TIJ^2)^1/2 + DJ) / 2 + PE
    Total System Jitter     (TSJ):    0.071ns
    Total Input Jitter      (TIJ):    0.000ns
    Discrete Jitter          (DJ):    0.000ns
    Phase Error              (PE):    0.000ns

    Location             Delay type                Incr(ns)  Path(ns)    Netlist Resource(s)
  -------------------------------------------------------------------    -------------------
                         (clock clk100MHZ rise edge)
                                                      0.000     0.000 r  
    AC18                                              0.000     0.000 r  clk (IN)
                         net (fo=0)                   0.000     0.000    clk
    AC18                 IBUF (Prop_ibuf_I_O)         0.745     0.745 r  clk_IBUF_inst/O
                         net (fo=1, routed)           2.564     3.309    clk_IBUF
    BUFGCTRL_X0Y0        BUFG (Prop_bufg_I_O)         0.120     3.429 r  clk_IBUF_BUFG_inst/O
                         net (fo=2995, routed)        1.391     4.820    u_game_logic/clk_IBUF_BUFG
    SLICE_X45Y116        FDPE                                         r  u_game_logic/pl_y_reg[4]/C
  -------------------------------------------------------------------    -------------------
    SLICE_X45Y116        FDPE (Prop_fdpe_C_Q)         0.269     5.089 r  u_game_logic/pl_y_reg[4]/Q
                         net (fo=88, routed)          1.163     6.253    u_game_logic/pl_y_reg[8]_0[2]
    SLICE_X57Y126        LUT4 (Prop_lut4_I0_O)        0.053     6.306 r  u_game_logic/pb_y_r[143]_i_9/O
                         net (fo=67, routed)          0.478     6.783    u_game_logic/pb_y_r[143]_i_9_n_0
    SLICE_X53Y126        LUT4 (Prop_lut4_I2_O)        0.053     6.836 r  u_game_logic/eb_act[57]_i_66/O
                         net (fo=64, routed)          0.953     7.790    u_game_logic/eb_act[57]_i_66_n_0
    SLICE_X55Y139        LUT4 (Prop_lut4_I0_O)        0.053     7.843 r  u_game_logic/eb_act[2]_i_32/O
                         net (fo=1, routed)           0.000     7.843    u_game_logic/eb_act[2]_i_32_n_0
    SLICE_X55Y139        CARRY4 (Prop_carry4_S[3]_CO[3])
                                                      0.233     8.076 r  u_game_logic/eb_act_reg[2]_i_11/CO[3]
                         net (fo=1, routed)           0.000     8.076    u_game_logic/eb_act_reg[2]_i_11_n_0
    SLICE_X55Y140        CARRY4 (Prop_carry4_CI_CO[0])
                                                      0.179     8.255 r  u_game_logic/eb_act_reg[2]_i_5/CO[0]
                         net (fo=1, routed)           0.560     8.815    u_game_logic/hit_player22740_in
    SLICE_X50Y139        LUT5 (Prop_lut5_I1_O)        0.157     8.972 r  u_game_logic/eb_act[2]_i_3/O
                         net (fo=2, routed)           0.796     9.767    u_game_logic/eb_act[2]_i_3_n_0
    SLICE_X51Y124        LUT6 (Prop_lut6_I5_O)        0.053     9.820 r  u_game_logic/FSM_sequential_state[2]_i_27/O
                         net (fo=1, routed)           0.580    10.400    u_game_logic/FSM_sequential_state[2]_i_27_n_0
    SLICE_X51Y128        LUT6 (Prop_lut6_I3_O)        0.053    10.453 f  u_game_logic/FSM_sequential_state[2]_i_7/O
                         net (fo=2, routed)           0.771    11.225    u_game_logic/FSM_sequential_state[2]_i_7_n_0
    SLICE_X46Y125        LUT6 (Prop_lut6_I5_O)        0.053    11.278 r  u_game_logic/pl_hp[2]_i_2/O
                         net (fo=8, routed)           0.404    11.681    u_game_logic/pl_hp[2]_i_2_n_0
    SLICE_X47Y125        LUT4 (Prop_lut4_I0_O)        0.053    11.734 r  u_game_logic/pl_y[8]_i_3/O
                         net (fo=44, routed)          0.885    12.620    u_game_logic/pl_y[8]_i_3_n_0
    SLICE_X54Y118        LUT3 (Prop_lut3_I1_O)        0.056    12.676 r  u_game_logic/pl_y[8]_i_1/O
                         net (fo=19, routed)          0.667    13.343    u_game_logic/pl_y[8]_i_1_n_0
    SLICE_X48Y124        FDCE                                         r  u_game_logic/pl_y_reg[1]_rep__1/CE
  -------------------------------------------------------------------    -------------------

                         (clock clk100MHZ rise edge)
                                                     10.000    10.000 r  
    AC18                                              0.000    10.000 r  clk (IN)
                         net (fo=0)                   0.000    10.000    clk
    AC18                 IBUF (Prop_ibuf_I_O)         0.620    10.620 r  clk_IBUF_inst/O
                         net (fo=1, routed)           2.447    13.067    clk_IBUF
    BUFGCTRL_X0Y0        BUFG (Prop_bufg_I_O)         0.113    13.180 r  clk_IBUF_BUFG_inst/O
                         net (fo=2995, routed)        1.269    14.449    u_game_logic/clk_IBUF_BUFG
    SLICE_X48Y124        FDCE                                         r  u_game_logic/pl_y_reg[1]_rep__1/C
                         clock pessimism              0.331    14.780    
                         clock uncertainty           -0.035    14.745    
    SLICE_X48Y124        FDCE (Setup_fdce_C_CE)      -0.359    14.386    u_game_logic/pl_y_reg[1]_rep__1
  -------------------------------------------------------------------
                         required time                         14.386    
                         arrival time                         -13.343    
  -------------------------------------------------------------------
                         slack                                  1.043    

Slack (MET) :             1.051ns  (required time - arrival time)
  Source:                 u_game_logic/pl_y_reg[4]/C
                            (rising edge-triggered cell FDPE clocked by clk100MHZ  {rise@0.000ns fall@5.000ns period=10.000ns})
  Destination:            u_game_logic/pl_y_reg[5]/CE
                            (rising edge-triggered cell FDPE clocked by clk100MHZ  {rise@0.000ns fall@5.000ns period=10.000ns})
  Path Group:             clk100MHZ
  Path Type:              Setup (Max at Slow Process Corner)
  Requirement:            10.000ns  (clk100MHZ rise@10.000ns - clk100MHZ rise@0.000ns)
  Data Path Delay:        8.536ns  (logic 1.265ns (14.820%)  route 7.271ns (85.180%))
  Logic Levels:           11  (CARRY4=2 LUT3=1 LUT4=4 LUT5=1 LUT6=3)
  Clock Path Skew:        -0.019ns (DCD - SCD + CPR)
    Destination Clock Delay (DCD):    4.463ns = ( 14.463 - 10.000 ) 
    Source Clock Delay      (SCD):    4.820ns
    Clock Pessimism Removal (CPR):    0.338ns
  Clock Uncertainty:      0.035ns  ((TSJ^2 + TIJ^2)^1/2 + DJ) / 2 + PE
    Total System Jitter     (TSJ):    0.071ns
    Total Input Jitter      (TIJ):    0.000ns
    Discrete Jitter          (DJ):    0.000ns
    Phase Error              (PE):    0.000ns

    Location             Delay type                Incr(ns)  Path(ns)    Netlist Resource(s)
  -------------------------------------------------------------------    -------------------
                         (clock clk100MHZ rise edge)
                                                      0.000     0.000 r  
    AC18                                              0.000     0.000 r  clk (IN)
                         net (fo=0)                   0.000     0.000    clk
    AC18                 IBUF (Prop_ibuf_I_O)         0.745     0.745 r  clk_IBUF_inst/O
                         net (fo=1, routed)           2.564     3.309    clk_IBUF
    BUFGCTRL_X0Y0        BUFG (Prop_bufg_I_O)         0.120     3.429 r  clk_IBUF_BUFG_inst/O
                         net (fo=2995, routed)        1.391     4.820    u_game_logic/clk_IBUF_BUFG
    SLICE_X45Y116        FDPE                                         r  u_game_logic/pl_y_reg[4]/C
  -------------------------------------------------------------------    -------------------
    SLICE_X45Y116        FDPE (Prop_fdpe_C_Q)         0.269     5.089 r  u_game_logic/pl_y_reg[4]/Q
                         net (fo=88, routed)          1.163     6.253    u_game_logic/pl_y_reg[8]_0[2]
    SLICE_X57Y126        LUT4 (Prop_lut4_I0_O)        0.053     6.306 r  u_game_logic/pb_y_r[143]_i_9/O
                         net (fo=67, routed)          0.478     6.783    u_game_logic/pb_y_r[143]_i_9_n_0
    SLICE_X53Y126        LUT4 (Prop_lut4_I2_O)        0.053     6.836 r  u_game_logic/eb_act[57]_i_66/O
                         net (fo=64, routed)          0.953     7.790    u_game_logic/eb_act[57]_i_66_n_0
    SLICE_X55Y139        LUT4 (Prop_lut4_I0_O)        0.053     7.843 r  u_game_logic/eb_act[2]_i_32/O
                         net (fo=1, routed)           0.000     7.843    u_game_logic/eb_act[2]_i_32_n_0
    SLICE_X55Y139        CARRY4 (Prop_carry4_S[3]_CO[3])
                                                      0.233     8.076 r  u_game_logic/eb_act_reg[2]_i_11/CO[3]
                         net (fo=1, routed)           0.000     8.076    u_game_logic/eb_act_reg[2]_i_11_n_0
    SLICE_X55Y140        CARRY4 (Prop_carry4_CI_CO[0])
                                                      0.179     8.255 r  u_game_logic/eb_act_reg[2]_i_5/CO[0]
                         net (fo=1, routed)           0.560     8.815    u_game_logic/hit_player22740_in
    SLICE_X50Y139        LUT5 (Prop_lut5_I1_O)        0.157     8.972 r  u_game_logic/eb_act[2]_i_3/O
                         net (fo=2, routed)           0.796     9.767    u_game_logic/eb_act[2]_i_3_n_0
    SLICE_X51Y124        LUT6 (Prop_lut6_I5_O)        0.053     9.820 r  u_game_logic/FSM_sequential_state[2]_i_27/O
                         net (fo=1, routed)           0.580    10.400    u_game_logic/FSM_sequential_state[2]_i_27_n_0
    SLICE_X51Y128        LUT6 (Prop_lut6_I3_O)        0.053    10.453 f  u_game_logic/FSM_sequential_state[2]_i_7/O
                         net (fo=2, routed)           0.771    11.225    u_game_logic/FSM_sequential_state[2]_i_7_n_0
    SLICE_X46Y125        LUT6 (Prop_lut6_I5_O)        0.053    11.278 r  u_game_logic/pl_hp[2]_i_2/O
                         net (fo=8, routed)           0.404    11.681    u_game_logic/pl_hp[2]_i_2_n_0
    SLICE_X47Y125        LUT4 (Prop_lut4_I0_O)        0.053    11.734 r  u_game_logic/pl_y[8]_i_3/O
                         net (fo=44, routed)          0.885    12.620    u_game_logic/pl_y[8]_i_3_n_0
    SLICE_X54Y118        LUT3 (Prop_lut3_I1_O)        0.056    12.676 r  u_game_logic/pl_y[8]_i_1/O
                         net (fo=19, routed)          0.681    13.356    u_game_logic/pl_y[8]_i_1_n_0
    SLICE_X45Y115        FDPE                                         r  u_game_logic/pl_y_reg[5]/CE
  -------------------------------------------------------------------    -------------------

                         (clock clk100MHZ rise edge)
                                                     10.000    10.000 r  
    AC18                                              0.000    10.000 r  clk (IN)
                         net (fo=0)                   0.000    10.000    clk
    AC18                 IBUF (Prop_ibuf_I_O)         0.620    10.620 r  clk_IBUF_inst/O
                         net (fo=1, routed)           2.447    13.067    clk_IBUF
    BUFGCTRL_X0Y0        BUFG (Prop_bufg_I_O)         0.113    13.180 r  clk_IBUF_BUFG_inst/O
                         net (fo=2995, routed)        1.283    14.463    u_game_logic/clk_IBUF_BUFG
    SLICE_X45Y115        FDPE                                         r  u_game_logic/pl_y_reg[5]/C
                         clock pessimism              0.338    14.801    
                         clock uncertainty           -0.035    14.766    
    SLICE_X45Y115        FDPE (Setup_fdpe_C_CE)      -0.359    14.407    u_game_logic/pl_y_reg[5]
  -------------------------------------------------------------------
                         required time                         14.407    
                         arrival time                         -13.356    
  -------------------------------------------------------------------
                         slack                                  1.051    

Slack (MET) :             1.079ns  (required time - arrival time)
  Source:                 u_game_logic/pl_y_reg[4]/C
                            (rising edge-triggered cell FDPE clocked by clk100MHZ  {rise@0.000ns fall@5.000ns period=10.000ns})
  Destination:            u_game_logic/pl_y_reg[3]_rep/CE
                            (rising edge-triggered cell FDCE clocked by clk100MHZ  {rise@0.000ns fall@5.000ns period=10.000ns})
  Path Group:             clk100MHZ
  Path Type:              Setup (Max at Slow Process Corner)
  Requirement:            10.000ns  (clk100MHZ rise@10.000ns - clk100MHZ rise@0.000ns)
  Data Path Delay:        8.496ns  (logic 1.265ns (14.889%)  route 7.231ns (85.111%))
  Logic Levels:           11  (CARRY4=2 LUT3=1 LUT4=4 LUT5=1 LUT6=3)
  Clock Path Skew:        -0.030ns (DCD - SCD + CPR)
    Destination Clock Delay (DCD):    4.459ns = ( 14.459 - 10.000 ) 
    Source Clock Delay      (SCD):    4.820ns
    Clock Pessimism Removal (CPR):    0.331ns
  Clock Uncertainty:      0.035ns  ((TSJ^2 + TIJ^2)^1/2 + DJ) / 2 + PE
    Total System Jitter     (TSJ):    0.071ns
    Total Input Jitter      (TIJ):    0.000ns
    Discrete Jitter          (DJ):    0.000ns
    Phase Error              (PE):    0.000ns

    Location             Delay type                Incr(ns)  Path(ns)    Netlist Resource(s)
  -------------------------------------------------------------------    -------------------
                         (clock clk100MHZ rise edge)
                                                      0.000     0.000 r  
    AC18                                              0.000     0.000 r  clk (IN)
                         net (fo=0)                   0.000     0.000    clk
    AC18                 IBUF (Prop_ibuf_I_O)         0.745     0.745 r  clk_IBUF_inst/O
                         net (fo=1, routed)           2.564     3.309    clk_IBUF
    BUFGCTRL_X0Y0        BUFG (Prop_bufg_I_O)         0.120     3.429 r  clk_IBUF_BUFG_inst/O
                         net (fo=2995, routed)        1.391     4.820    u_game_logic/clk_IBUF_BUFG
    SLICE_X45Y116        FDPE                                         r  u_game_logic/pl_y_reg[4]/C
  -------------------------------------------------------------------    -------------------
    SLICE_X45Y116        FDPE (Prop_fdpe_C_Q)         0.269     5.089 r  u_game_logic/pl_y_reg[4]/Q
                         net (fo=88, routed)          1.163     6.253    u_game_logic/pl_y_reg[8]_0[2]
    SLICE_X57Y126        LUT4 (Prop_lut4_I0_O)        0.053     6.306 r  u_game_logic/pb_y_r[143]_i_9/O
                         net (fo=67, routed)          0.478     6.783    u_game_logic/pb_y_r[143]_i_9_n_0
    SLICE_X53Y126        LUT4 (Prop_lut4_I2_O)        0.053     6.836 r  u_game_logic/eb_act[57]_i_66/O
                         net (fo=64, routed)          0.953     7.790    u_game_logic/eb_act[57]_i_66_n_0
    SLICE_X55Y139        LUT4 (Prop_lut4_I0_O)        0.053     7.843 r  u_game_logic/eb_act[2]_i_32/O
                         net (fo=1, routed)           0.000     7.843    u_game_logic/eb_act[2]_i_32_n_0
    SLICE_X55Y139        CARRY4 (Prop_carry4_S[3]_CO[3])
                                                      0.233     8.076 r  u_game_logic/eb_act_reg[2]_i_11/CO[3]
                         net (fo=1, routed)           0.000     8.076    u_game_logic/eb_act_reg[2]_i_11_n_0
    SLICE_X55Y140        CARRY4 (Prop_carry4_CI_CO[0])
                                                      0.179     8.255 r  u_game_logic/eb_act_reg[2]_i_5/CO[0]
                         net (fo=1, routed)           0.560     8.815    u_game_logic/hit_player22740_in
    SLICE_X50Y139        LUT5 (Prop_lut5_I1_O)        0.157     8.972 r  u_game_logic/eb_act[2]_i_3/O
                         net (fo=2, routed)           0.796     9.767    u_game_logic/eb_act[2]_i_3_n_0
    SLICE_X51Y124        LUT6 (Prop_lut6_I5_O)        0.053     9.820 r  u_game_logic/FSM_sequential_state[2]_i_27/O
                         net (fo=1, routed)           0.580    10.400    u_game_logic/FSM_sequential_state[2]_i_27_n_0
    SLICE_X51Y128        LUT6 (Prop_lut6_I3_O)        0.053    10.453 f  u_game_logic/FSM_sequential_state[2]_i_7/O
                         net (fo=2, routed)           0.771    11.225    u_game_logic/FSM_sequential_state[2]_i_7_n_0
    SLICE_X46Y125        LUT6 (Prop_lut6_I5_O)        0.053    11.278 r  u_game_logic/pl_hp[2]_i_2/O
                         net (fo=8, routed)           0.404    11.681    u_game_logic/pl_hp[2]_i_2_n_0
    SLICE_X47Y125        LUT4 (Prop_lut4_I0_O)        0.053    11.734 r  u_game_logic/pl_y[8]_i_3/O
                         net (fo=44, routed)          0.885    12.620    u_game_logic/pl_y[8]_i_3_n_0
    SLICE_X54Y118        LUT3 (Prop_lut3_I1_O)        0.056    12.676 r  u_game_logic/pl_y[8]_i_1/O
                         net (fo=19, routed)          0.641    13.317    u_game_logic/pl_y[8]_i_1_n_0
    SLICE_X48Y115        FDCE                                         r  u_game_logic/pl_y_reg[3]_rep/CE
  -------------------------------------------------------------------    -------------------

                         (clock clk100MHZ rise edge)
                                                     10.000    10.000 r  
    AC18                                              0.000    10.000 r  clk (IN)
                         net (fo=0)                   0.000    10.000    clk
    AC18                 IBUF (Prop_ibuf_I_O)         0.620    10.620 r  clk_IBUF_inst/O
                         net (fo=1, routed)           2.447    13.067    clk_IBUF
    BUFGCTRL_X0Y0        BUFG (Prop_bufg_I_O)         0.113    13.180 r  clk_IBUF_BUFG_inst/O
                         net (fo=2995, routed)        1.279    14.459    u_game_logic/clk_IBUF_BUFG
    SLICE_X48Y115        FDCE                                         r  u_game_logic/pl_y_reg[3]_rep/C
                         clock pessimism              0.331    14.790    
                         clock uncertainty           -0.035    14.755    
    SLICE_X48Y115        FDCE (Setup_fdce_C_CE)      -0.359    14.396    u_game_logic/pl_y_reg[3]_rep
  -------------------------------------------------------------------
                         required time                         14.396    
                         arrival time                         -13.317    
  -------------------------------------------------------------------
                         slack                                  1.079    

Slack (MET) :             1.094ns  (required time - arrival time)
  Source:                 u_game_logic/pl_y_reg[4]/C
                            (rising edge-triggered cell FDPE clocked by clk100MHZ  {rise@0.000ns fall@5.000ns period=10.000ns})
  Destination:            u_game_logic/ob_act_reg[3]/D
                            (rising edge-triggered cell FDCE clocked by clk100MHZ  {rise@0.000ns fall@5.000ns period=10.000ns})
  Path Group:             clk100MHZ
  Path Type:              Setup (Max at Slow Process Corner)
  Requirement:            10.000ns  (clk100MHZ rise@10.000ns - clk100MHZ rise@0.000ns)
  Data Path Delay:        9.062ns  (logic 1.393ns (15.372%)  route 7.669ns (84.628%))
  Logic Levels:           11  (CARRY4=2 LUT2=1 LUT4=3 LUT5=1 LUT6=4)
  Clock Path Skew:        0.156ns (DCD - SCD + CPR)
    Destination Clock Delay (DCD):    4.717ns = ( 14.717 - 10.000 ) 
    Source Clock Delay      (SCD):    4.820ns
    Clock Pessimism Removal (CPR):    0.259ns
  Clock Uncertainty:      0.035ns  ((TSJ^2 + TIJ^2)^1/2 + DJ) / 2 + PE
    Total System Jitter     (TSJ):    0.071ns
    Total Input Jitter      (TIJ):    0.000ns
    Discrete Jitter          (DJ):    0.000ns
    Phase Error              (PE):    0.000ns

    Location             Delay type                Incr(ns)  Path(ns)    Netlist Resource(s)
  -------------------------------------------------------------------    -------------------
                         (clock clk100MHZ rise edge)
                                                      0.000     0.000 r  
    AC18                                              0.000     0.000 r  clk (IN)
                         net (fo=0)                   0.000     0.000    clk
    AC18                 IBUF (Prop_ibuf_I_O)         0.745     0.745 r  clk_IBUF_inst/O
                         net (fo=1, routed)           2.564     3.309    clk_IBUF
    BUFGCTRL_X0Y0        BUFG (Prop_bufg_I_O)         0.120     3.429 r  clk_IBUF_BUFG_inst/O
                         net (fo=2995, routed)        1.391     4.820    u_game_logic/clk_IBUF_BUFG
    SLICE_X45Y116        FDPE                                         r  u_game_logic/pl_y_reg[4]/C
  -------------------------------------------------------------------    -------------------
    SLICE_X45Y116        FDPE (Prop_fdpe_C_Q)         0.269     5.089 r  u_game_logic/pl_y_reg[4]/Q
                         net (fo=88, routed)          1.163     6.253    u_game_logic/pl_y_reg[8]_0[2]
    SLICE_X57Y126        LUT4 (Prop_lut4_I0_O)        0.053     6.306 r  u_game_logic/pb_y_r[143]_i_9/O
                         net (fo=67, routed)          0.478     6.783    u_game_logic/pb_y_r[143]_i_9_n_0
    SLICE_X53Y126        LUT4 (Prop_lut4_I2_O)        0.053     6.836 r  u_game_logic/eb_act[57]_i_66/O
                         net (fo=64, routed)          0.953     7.790    u_game_logic/eb_act[57]_i_66_n_0
    SLICE_X55Y139        LUT4 (Prop_lut4_I0_O)        0.053     7.843 r  u_game_logic/eb_act[2]_i_32/O
                         net (fo=1, routed)           0.000     7.843    u_game_logic/eb_act[2]_i_32_n_0
    SLICE_X55Y139        CARRY4 (Prop_carry4_S[3]_CO[3])
                                                      0.233     8.076 r  u_game_logic/eb_act_reg[2]_i_11/CO[3]
                         net (fo=1, routed)           0.000     8.076    u_game_logic/eb_act_reg[2]_i_11_n_0
    SLICE_X55Y140        CARRY4 (Prop_carry4_CI_CO[0])
                                                      0.179     8.255 f  u_game_logic/eb_act_reg[2]_i_5/CO[0]
                         net (fo=1, routed)           0.560     8.815    u_game_logic/hit_player22740_in
    SLICE_X50Y139        LUT5 (Prop_lut5_I1_O)        0.157     8.972 f  u_game_logic/eb_act[2]_i_3/O
                         net (fo=2, routed)           0.796     9.767    u_game_logic/eb_act[2]_i_3_n_0
    SLICE_X51Y124        LUT6 (Prop_lut6_I5_O)        0.053     9.820 f  u_game_logic/FSM_sequential_state[2]_i_27/O
                         net (fo=1, routed)           0.580    10.400    u_game_logic/FSM_sequential_state[2]_i_27_n_0
    SLICE_X51Y128        LUT6 (Prop_lut6_I3_O)        0.053    10.453 r  u_game_logic/FSM_sequential_state[2]_i_7/O
                         net (fo=2, routed)           0.607    11.061    u_game_logic/FSM_sequential_state[2]_i_7_n_0
    SLICE_X48Y122        LUT6 (Prop_lut6_I3_O)        0.053    11.114 r  u_game_logic/FSM_sequential_state[2]_i_2/O
                         net (fo=30, routed)          0.831    11.945    u_game_logic/FSM_sequential_state[2]_i_2_n_0
    SLICE_X37Y123        LUT2 (Prop_lut2_I0_O)        0.067    12.012 r  u_game_logic/pb_act[15]_i_3/O
                         net (fo=22, routed)          1.701    13.712    u_game_logic/pb_act[15]_i_3_n_0
    SLICE_X15Y89         LUT6 (Prop_lut6_I0_O)        0.170    13.882 r  u_game_logic/ob_act[3]_i_1/O
                         net (fo=1, routed)           0.000    13.882    u_game_logic/ob_act[3]_i_1_n_0
    SLICE_X15Y89         FDCE                                         r  u_game_logic/ob_act_reg[3]/D
  -------------------------------------------------------------------    -------------------

                         (clock clk100MHZ rise edge)
                                                     10.000    10.000 r  
    AC18                                              0.000    10.000 r  clk (IN)
                         net (fo=0)                   0.000    10.000    clk
    AC18                 IBUF (Prop_ibuf_I_O)         0.620    10.620 r  clk_IBUF_inst/O
                         net (fo=1, routed)           2.447    13.067    clk_IBUF
    BUFGCTRL_X0Y0        BUFG (Prop_bufg_I_O)         0.113    13.180 r  clk_IBUF_BUFG_inst/O
                         net (fo=2995, routed)        1.537    14.717    u_game_logic/clk_IBUF_BUFG
    SLICE_X15Y89         FDCE                                         r  u_game_logic/ob_act_reg[3]/C
                         clock pessimism              0.259    14.976    
                         clock uncertainty           -0.035    14.941    
    SLICE_X15Y89         FDCE (Setup_fdce_C_D)        0.035    14.976    u_game_logic/ob_act_reg[3]
  -------------------------------------------------------------------
                         required time                         14.976    
                         arrival time                         -13.882    
  -------------------------------------------------------------------
                         slack                                  1.094    

Slack (MET) :             1.157ns  (required time - arrival time)
  Source:                 u_game_logic/pl_y_reg[4]/C
                            (rising edge-triggered cell FDPE clocked by clk100MHZ  {rise@0.000ns fall@5.000ns period=10.000ns})
  Destination:            u_game_logic/pl_y_reg[0]/CE
                            (rising edge-triggered cell FDCE clocked by clk100MHZ  {rise@0.000ns fall@5.000ns period=10.000ns})
  Path Group:             clk100MHZ
  Path Type:              Setup (Max at Slow Process Corner)
  Requirement:            10.000ns  (clk100MHZ rise@10.000ns - clk100MHZ rise@0.000ns)
  Data Path Delay:        8.426ns  (logic 1.265ns (15.014%)  route 7.161ns (84.986%))
  Logic Levels:           11  (CARRY4=2 LUT3=1 LUT4=4 LUT5=1 LUT6=3)
  Clock Path Skew:        -0.023ns (DCD - SCD + CPR)
    Destination Clock Delay (DCD):    4.459ns = ( 14.459 - 10.000 ) 
    Source Clock Delay      (SCD):    4.820ns
    Clock Pessimism Removal (CPR):    0.338ns
  Clock Uncertainty:      0.035ns  ((TSJ^2 + TIJ^2)^1/2 + DJ) / 2 + PE
    Total System Jitter     (TSJ):    0.071ns
    Total Input Jitter      (TIJ):    0.000ns
    Discrete Jitter          (DJ):    0.000ns
    Phase Error              (PE):    0.000ns

    Location             Delay type                Incr(ns)  Path(ns)    Netlist Resource(s)
  -------------------------------------------------------------------    -------------------
                         (clock clk100MHZ rise edge)
                                                      0.000     0.000 r  
    AC18                                              0.000     0.000 r  clk (IN)
                         net (fo=0)                   0.000     0.000    clk
    AC18                 IBUF (Prop_ibuf_I_O)         0.745     0.745 r  clk_IBUF_inst/O
                         net (fo=1, routed)           2.564     3.309    clk_IBUF
    BUFGCTRL_X0Y0        BUFG (Prop_bufg_I_O)         0.120     3.429 r  clk_IBUF_BUFG_inst/O
                         net (fo=2995, routed)        1.391     4.820    u_game_logic/clk_IBUF_BUFG
    SLICE_X45Y116        FDPE                                         r  u_game_logic/pl_y_reg[4]/C
  -------------------------------------------------------------------    -------------------
    SLICE_X45Y116        FDPE (Prop_fdpe_C_Q)         0.269     5.089 r  u_game_logic/pl_y_reg[4]/Q
                         net (fo=88, routed)          1.163     6.253    u_game_logic/pl_y_reg[8]_0[2]
    SLICE_X57Y126        LUT4 (Prop_lut4_I0_O)        0.053     6.306 r  u_game_logic/pb_y_r[143]_i_9/O
                         net (fo=67, routed)          0.478     6.783    u_game_logic/pb_y_r[143]_i_9_n_0
    SLICE_X53Y126        LUT4 (Prop_lut4_I2_O)        0.053     6.836 r  u_game_logic/eb_act[57]_i_66/O
                         net (fo=64, routed)          0.953     7.790    u_game_logic/eb_act[57]_i_66_n_0
    SLICE_X55Y139        LUT4 (Prop_lut4_I0_O)        0.053     7.843 r  u_game_logic/eb_act[2]_i_32/O
                         net (fo=1, routed)           0.000     7.843    u_game_logic/eb_act[2]_i_32_n_0
    SLICE_X55Y139        CARRY4 (Prop_carry4_S[3]_CO[3])
                                                      0.233     8.076 r  u_game_logic/eb_act_reg[2]_i_11/CO[3]
                         net (fo=1, routed)           0.000     8.076    u_game_logic/eb_act_reg[2]_i_11_n_0
    SLICE_X55Y140        CARRY4 (Prop_carry4_CI_CO[0])
                                                      0.179     8.255 r  u_game_logic/eb_act_reg[2]_i_5/CO[0]
                         net (fo=1, routed)           0.560     8.815    u_game_logic/hit_player22740_in
    SLICE_X50Y139        LUT5 (Prop_lut5_I1_O)        0.157     8.972 r  u_game_logic/eb_act[2]_i_3/O
                         net (fo=2, routed)           0.796     9.767    u_game_logic/eb_act[2]_i_3_n_0
    SLICE_X51Y124        LUT6 (Prop_lut6_I5_O)        0.053     9.820 r  u_game_logic/FSM_sequential_state[2]_i_27/O
                         net (fo=1, routed)           0.580    10.400    u_game_logic/FSM_sequential_state[2]_i_27_n_0
    SLICE_X51Y128        LUT6 (Prop_lut6_I3_O)        0.053    10.453 f  u_game_logic/FSM_sequential_state[2]_i_7/O
                         net (fo=2, routed)           0.771    11.225    u_game_logic/FSM_sequential_state[2]_i_7_n_0
    SLICE_X46Y125        LUT6 (Prop_lut6_I5_O)        0.053    11.278 r  u_game_logic/pl_hp[2]_i_2/O
                         net (fo=8, routed)           0.404    11.681    u_game_logic/pl_hp[2]_i_2_n_0
    SLICE_X47Y125        LUT4 (Prop_lut4_I0_O)        0.053    11.734 r  u_game_logic/pl_y[8]_i_3/O
                         net (fo=44, routed)          0.885    12.620    u_game_logic/pl_y[8]_i_3_n_0
    SLICE_X54Y118        LUT3 (Prop_lut3_I1_O)        0.056    12.676 r  u_game_logic/pl_y[8]_i_1/O
                         net (fo=19, routed)          0.570    13.246    u_game_logic/pl_y[8]_i_1_n_0
    SLICE_X45Y119        FDCE                                         r  u_game_logic/pl_y_reg[0]/CE
  -------------------------------------------------------------------    -------------------

                         (clock clk100MHZ rise edge)
                                                     10.000    10.000 r  
    AC18                                              0.000    10.000 r  clk (IN)
                         net (fo=0)                   0.000    10.000    clk
    AC18                 IBUF (Prop_ibuf_I_O)         0.620    10.620 r  clk_IBUF_inst/O
                         net (fo=1, routed)           2.447    13.067    clk_IBUF
    BUFGCTRL_X0Y0        BUFG (Prop_bufg_I_O)         0.113    13.180 r  clk_IBUF_BUFG_inst/O
                         net (fo=2995, routed)        1.279    14.459    u_game_logic/clk_IBUF_BUFG
    SLICE_X45Y119        FDCE                                         r  u_game_logic/pl_y_reg[0]/C
                         clock pessimism              0.338    14.797    
                         clock uncertainty           -0.035    14.762    
    SLICE_X45Y119        FDCE (Setup_fdce_C_CE)      -0.359    14.403    u_game_logic/pl_y_reg[0]
  -------------------------------------------------------------------
                         required time                         14.403    
                         arrival time                         -13.246    
  -------------------------------------------------------------------
                         slack                                  1.157    

Slack (MET) :             1.157ns  (required time - arrival time)
  Source:                 u_game_logic/pl_y_reg[4]/C
                            (rising edge-triggered cell FDPE clocked by clk100MHZ  {rise@0.000ns fall@5.000ns period=10.000ns})
  Destination:            u_game_logic/pl_y_reg[1]/CE
                            (rising edge-triggered cell FDCE clocked by clk100MHZ  {rise@0.000ns fall@5.000ns period=10.000ns})
  Path Group:             clk100MHZ
  Path Type:              Setup (Max at Slow Process Corner)
  Requirement:            10.000ns  (clk100MHZ rise@10.000ns - clk100MHZ rise@0.000ns)
  Data Path Delay:        8.426ns  (logic 1.265ns (15.014%)  route 7.161ns (84.986%))
  Logic Levels:           11  (CARRY4=2 LUT3=1 LUT4=4 LUT5=1 LUT6=3)
  Clock Path Skew:        -0.023ns (DCD - SCD + CPR)
    Destination Clock Delay (DCD):    4.459ns = ( 14.459 - 10.000 ) 
    Source Clock Delay      (SCD):    4.820ns
    Clock Pessimism Removal (CPR):    0.338ns
  Clock Uncertainty:      0.035ns  ((TSJ^2 + TIJ^2)^1/2 + DJ) / 2 + PE
    Total System Jitter     (TSJ):    0.071ns
    Total Input Jitter      (TIJ):    0.000ns
    Discrete Jitter          (DJ):    0.000ns
    Phase Error              (PE):    0.000ns

    Location             Delay type                Incr(ns)  Path(ns)    Netlist Resource(s)
  -------------------------------------------------------------------    -------------------
                         (clock clk100MHZ rise edge)
                                                      0.000     0.000 r  
    AC18                                              0.000     0.000 r  clk (IN)
                         net (fo=0)                   0.000     0.000    clk
    AC18                 IBUF (Prop_ibuf_I_O)         0.745     0.745 r  clk_IBUF_inst/O
                         net (fo=1, routed)           2.564     3.309    clk_IBUF
    BUFGCTRL_X0Y0        BUFG (Prop_bufg_I_O)         0.120     3.429 r  clk_IBUF_BUFG_inst/O
                         net (fo=2995, routed)        1.391     4.820    u_game_logic/clk_IBUF_BUFG
    SLICE_X45Y116        FDPE                                         r  u_game_logic/pl_y_reg[4]/C
  -------------------------------------------------------------------    -------------------
    SLICE_X45Y116        FDPE (Prop_fdpe_C_Q)         0.269     5.089 r  u_game_logic/pl_y_reg[4]/Q
                         net (fo=88, routed)          1.163     6.253    u_game_logic/pl_y_reg[8]_0[2]
    SLICE_X57Y126        LUT4 (Prop_lut4_I0_O)        0.053     6.306 r  u_game_logic/pb_y_r[143]_i_9/O
                         net (fo=67, routed)          0.478     6.783    u_game_logic/pb_y_r[143]_i_9_n_0
    SLICE_X53Y126        LUT4 (Prop_lut4_I2_O)        0.053     6.836 r  u_game_logic/eb_act[57]_i_66/O
                         net (fo=64, routed)          0.953     7.790    u_game_logic/eb_act[57]_i_66_n_0
    SLICE_X55Y139        LUT4 (Prop_lut4_I0_O)        0.053     7.843 r  u_game_logic/eb_act[2]_i_32/O
                         net (fo=1, routed)           0.000     7.843    u_game_logic/eb_act[2]_i_32_n_0
    SLICE_X55Y139        CARRY4 (Prop_carry4_S[3]_CO[3])
                                                      0.233     8.076 r  u_game_logic/eb_act_reg[2]_i_11/CO[3]
                         net (fo=1, routed)           0.000     8.076    u_game_logic/eb_act_reg[2]_i_11_n_0
    SLICE_X55Y140        CARRY4 (Prop_carry4_CI_CO[0])
                                                      0.179     8.255 r  u_game_logic/eb_act_reg[2]_i_5/CO[0]
                         net (fo=1, routed)           0.560     8.815    u_game_logic/hit_player22740_in
    SLICE_X50Y139        LUT5 (Prop_lut5_I1_O)        0.157     8.972 r  u_game_logic/eb_act[2]_i_3/O
                         net (fo=2, routed)           0.796     9.767    u_game_logic/eb_act[2]_i_3_n_0
    SLICE_X51Y124        LUT6 (Prop_lut6_I5_O)        0.053     9.820 r  u_game_logic/FSM_sequential_state[2]_i_27/O
                         net (fo=1, routed)           0.580    10.400    u_game_logic/FSM_sequential_state[2]_i_27_n_0
    SLICE_X51Y128        LUT6 (Prop_lut6_I3_O)        0.053    10.453 f  u_game_logic/FSM_sequential_state[2]_i_7/O
                         net (fo=2, routed)           0.771    11.225    u_game_logic/FSM_sequential_state[2]_i_7_n_0
    SLICE_X46Y125        LUT6 (Prop_lut6_I5_O)        0.053    11.278 r  u_game_logic/pl_hp[2]_i_2/O
                         net (fo=8, routed)           0.404    11.681    u_game_logic/pl_hp[2]_i_2_n_0
    SLICE_X47Y125        LUT4 (Prop_lut4_I0_O)        0.053    11.734 r  u_game_logic/pl_y[8]_i_3/O
                         net (fo=44, routed)          0.885    12.620    u_game_logic/pl_y[8]_i_3_n_0
    SLICE_X54Y118        LUT3 (Prop_lut3_I1_O)        0.056    12.676 r  u_game_logic/pl_y[8]_i_1/O
                         net (fo=19, routed)          0.570    13.246    u_game_logic/pl_y[8]_i_1_n_0
    SLICE_X45Y119        FDCE                                         r  u_game_logic/pl_y_reg[1]/CE
  -------------------------------------------------------------------    -------------------

                         (clock clk100MHZ rise edge)
                                                     10.000    10.000 r  
    AC18                                              0.000    10.000 r  clk (IN)
                         net (fo=0)                   0.000    10.000    clk
    AC18                 IBUF (Prop_ibuf_I_O)         0.620    10.620 r  clk_IBUF_inst/O
                         net (fo=1, routed)           2.447    13.067    clk_IBUF
    BUFGCTRL_X0Y0        BUFG (Prop_bufg_I_O)         0.113    13.180 r  clk_IBUF_BUFG_inst/O
                         net (fo=2995, routed)        1.279    14.459    u_game_logic/clk_IBUF_BUFG
    SLICE_X45Y119        FDCE                                         r  u_game_logic/pl_y_reg[1]/C
                         clock pessimism              0.338    14.797    
                         clock uncertainty           -0.035    14.762    
    SLICE_X45Y119        FDCE (Setup_fdce_C_CE)      -0.359    14.403    u_game_logic/pl_y_reg[1]
  -------------------------------------------------------------------
                         required time                         14.403    
                         arrival time                         -13.246    
  -------------------------------------------------------------------
                         slack                                  1.157    





Min Delay Paths
--------------------------------------------------------------------------------------
Slack (MET) :             0.108ns  (arrival time - required time)
  Source:                 u_game_logic/ob_size_r_reg[7]/C
                            (rising edge-triggered cell FDCE clocked by clk100MHZ  {rise@0.000ns fall@5.000ns period=10.000ns})
  Destination:            u_game_logic/ob_size_reg[7]/D
                            (rising edge-triggered cell FDCE clocked by clk100MHZ  {rise@0.000ns fall@5.000ns period=10.000ns})
  Path Group:             clk100MHZ
  Path Type:              Hold (Min at Fast Process Corner)
  Requirement:            0.000ns  (clk100MHZ rise@0.000ns - clk100MHZ rise@0.000ns)
  Data Path Delay:        0.155ns  (logic 0.100ns (64.432%)  route 0.055ns (35.568%))
  Logic Levels:           0  
  Clock Path Skew:        0.000ns (DCD - SCD - CPR)
    Destination Clock Delay (DCD):    2.357ns
    Source Clock Delay      (SCD):    1.900ns
    Clock Pessimism Removal (CPR):    0.457ns

    Location             Delay type                Incr(ns)  Path(ns)    Netlist Resource(s)
  -------------------------------------------------------------------    -------------------
                         (clock clk100MHZ rise edge)
                                                      0.000     0.000 r  
    AC18                                              0.000     0.000 r  clk (IN)
                         net (fo=0)                   0.000     0.000    clk
    AC18                 IBUF (Prop_ibuf_I_O)         0.146     0.146 r  clk_IBUF_inst/O
                         net (fo=1, routed)           1.074     1.220    clk_IBUF
    BUFGCTRL_X0Y0        BUFG (Prop_bufg_I_O)         0.026     1.246 r  clk_IBUF_BUFG_inst/O
                         net (fo=2995, routed)        0.654     1.900    u_game_logic/clk_IBUF_BUFG
    SLICE_X5Y71          FDCE                                         r  u_game_logic/ob_size_r_reg[7]/C
  -------------------------------------------------------------------    -------------------
    SLICE_X5Y71          FDCE (Prop_fdce_C_Q)         0.100     2.000 r  u_game_logic/ob_size_r_reg[7]/Q
                         net (fo=2, routed)           0.055     2.055    u_game_logic/ob_size_r_reg_n_0_[7]
    SLICE_X5Y71          FDCE                                         r  u_game_logic/ob_size_reg[7]/D
  -------------------------------------------------------------------    -------------------

                         (clock clk100MHZ rise edge)
                                                      0.000     0.000 r  
    AC18                                              0.000     0.000 r  clk (IN)
                         net (fo=0)                   0.000     0.000    clk
    AC18                 IBUF (Prop_ibuf_I_O)         0.312     0.312 r  clk_IBUF_inst/O
                         net (fo=1, routed)           1.143     1.455    clk_IBUF
    BUFGCTRL_X0Y0        BUFG (Prop_bufg_I_O)         0.030     1.485 r  clk_IBUF_BUFG_inst/O
                         net (fo=2995, routed)        0.872     2.357    u_game_logic/clk_IBUF_BUFG
    SLICE_X5Y71          FDCE                                         r  u_game_logic/ob_size_reg[7]/C
                         clock pessimism             -0.457     1.900    
    SLICE_X5Y71          FDCE (Hold_fdce_C_D)         0.047     1.947    u_game_logic/ob_size_reg[7]
  -------------------------------------------------------------------
                         required time                         -1.947    
                         arrival time                           2.055    
  -------------------------------------------------------------------
                         slack                                  0.108    

Slack (MET) :             0.116ns  (arrival time - required time)
  Source:                 u_game_logic/eb_x_r_reg[579]/C
                            (rising edge-triggered cell FDCE clocked by clk100MHZ  {rise@0.000ns fall@5.000ns period=10.000ns})
  Destination:            u_game_logic/eb_x_reg[579]/D
                            (rising edge-triggered cell FDCE clocked by clk100MHZ  {rise@0.000ns fall@5.000ns period=10.000ns})
  Path Group:             clk100MHZ
  Path Type:              Hold (Min at Fast Process Corner)
  Requirement:            0.000ns  (clk100MHZ rise@0.000ns - clk100MHZ rise@0.000ns)
  Data Path Delay:        0.341ns  (logic 0.100ns (29.332%)  route 0.241ns (70.668%))
  Logic Levels:           0  
  Clock Path Skew:        0.185ns (DCD - SCD - CPR)
    Destination Clock Delay (DCD):    2.214ns
    Source Clock Delay      (SCD):    1.782ns
    Clock Pessimism Removal (CPR):    0.247ns

    Location             Delay type                Incr(ns)  Path(ns)    Netlist Resource(s)
  -------------------------------------------------------------------    -------------------
                         (clock clk100MHZ rise edge)
                                                      0.000     0.000 r  
    AC18                                              0.000     0.000 r  clk (IN)
                         net (fo=0)                   0.000     0.000    clk
    AC18                 IBUF (Prop_ibuf_I_O)         0.146     0.146 r  clk_IBUF_inst/O
                         net (fo=1, routed)           1.074     1.220    clk_IBUF
    BUFGCTRL_X0Y0        BUFG (Prop_bufg_I_O)         0.026     1.246 r  clk_IBUF_BUFG_inst/O
                         net (fo=2995, routed)        0.536     1.782    u_game_logic/clk_IBUF_BUFG
    SLICE_X48Y129        FDCE                                         r  u_game_logic/eb_x_r_reg[579]/C
  -------------------------------------------------------------------    -------------------
    SLICE_X48Y129        FDCE (Prop_fdce_C_Q)         0.100     1.882 r  u_game_logic/eb_x_r_reg[579]/Q
                         net (fo=5, routed)           0.241     2.123    u_game_logic/eb_x_r_reg_n_0_[579]
    SLICE_X56Y129        FDCE                                         r  u_game_logic/eb_x_reg[579]/D
  -------------------------------------------------------------------    -------------------

                         (clock clk100MHZ rise edge)
                                                      0.000     0.000 r  
    AC18                                              0.000     0.000 r  clk (IN)
                         net (fo=0)                   0.000     0.000    clk
    AC18                 IBUF (Prop_ibuf_I_O)         0.312     0.312 r  clk_IBUF_inst/O
                         net (fo=1, routed)           1.143     1.455    clk_IBUF
    BUFGCTRL_X0Y0        BUFG (Prop_bufg_I_O)         0.030     1.485 r  clk_IBUF_BUFG_inst/O
                         net (fo=2995, routed)        0.729     2.214    u_game_logic/clk_IBUF_BUFG
    SLICE_X56Y129        FDCE                                         r  u_game_logic/eb_x_reg[579]/C
                         clock pessimism             -0.247     1.967    
    SLICE_X56Y129        FDCE (Hold_fdce_C_D)         0.040     2.007    u_game_logic/eb_x_reg[579]
  -------------------------------------------------------------------
                         required time                         -2.007    
                         arrival time                           2.123    
  -------------------------------------------------------------------
                         slack                                  0.116    

Slack (MET) :             0.118ns  (arrival time - required time)
  Source:                 u_game_logic/ob_shape_r_reg[10]/C
                            (rising edge-triggered cell FDCE clocked by clk100MHZ  {rise@0.000ns fall@5.000ns period=10.000ns})
  Destination:            u_game_logic/ob_shape_reg[10]/D
                            (rising edge-triggered cell FDCE clocked by clk100MHZ  {rise@0.000ns fall@5.000ns period=10.000ns})
  Path Group:             clk100MHZ
  Path Type:              Hold (Min at Fast Process Corner)
  Requirement:            0.000ns  (clk100MHZ rise@0.000ns - clk100MHZ rise@0.000ns)
  Data Path Delay:        0.165ns  (logic 0.100ns (60.429%)  route 0.065ns (39.571%))
  Logic Levels:           0  
  Clock Path Skew:        0.000ns (DCD - SCD - CPR)
    Destination Clock Delay (DCD):    2.360ns
    Source Clock Delay      (SCD):    1.903ns
    Clock Pessimism Removal (CPR):    0.457ns

    Location             Delay type                Incr(ns)  Path(ns)    Netlist Resource(s)
  -------------------------------------------------------------------    -------------------
                         (clock clk100MHZ rise edge)
                                                      0.000     0.000 r  
    AC18                                              0.000     0.000 r  clk (IN)
                         net (fo=0)                   0.000     0.000    clk
    AC18                 IBUF (Prop_ibuf_I_O)         0.146     0.146 r  clk_IBUF_inst/O
                         net (fo=1, routed)           1.074     1.220    clk_IBUF
    BUFGCTRL_X0Y0        BUFG (Prop_bufg_I_O)         0.026     1.246 r  clk_IBUF_BUFG_inst/O
                         net (fo=2995, routed)        0.657     1.903    u_game_logic/clk_IBUF_BUFG
    SLICE_X7Y68          FDCE                                         r  u_game_logic/ob_shape_r_reg[10]/C
  -------------------------------------------------------------------    -------------------
    SLICE_X7Y68          FDCE (Prop_fdce_C_Q)         0.100     2.003 r  u_game_logic/ob_shape_r_reg[10]/Q
                         net (fo=2, routed)           0.065     2.068    u_game_logic/ob_shape_r_reg_n_0_[10]
    SLICE_X7Y68          FDCE                                         r  u_game_logic/ob_shape_reg[10]/D
  -------------------------------------------------------------------    -------------------

                         (clock clk100MHZ rise edge)
                                                      0.000     0.000 r  
    AC18                                              0.000     0.000 r  clk (IN)
                         net (fo=0)                   0.000     0.000    clk
    AC18                 IBUF (Prop_ibuf_I_O)         0.312     0.312 r  clk_IBUF_inst/O
                         net (fo=1, routed)           1.143     1.455    clk_IBUF
    BUFGCTRL_X0Y0        BUFG (Prop_bufg_I_O)         0.030     1.485 r  clk_IBUF_BUFG_inst/O
                         net (fo=2995, routed)        0.875     2.360    u_game_logic/clk_IBUF_BUFG
    SLICE_X7Y68          FDCE                                         r  u_game_logic/ob_shape_reg[10]/C
                         clock pessimism             -0.457     1.903    
    SLICE_X7Y68          FDCE (Hold_fdce_C_D)         0.047     1.950    u_game_logic/ob_shape_reg[10]
  -------------------------------------------------------------------
                         required time                         -1.950    
                         arrival time                           2.068    
  -------------------------------------------------------------------
                         slack                                  0.118    

Slack (MET) :             0.118ns  (arrival time - required time)
  Source:                 u_game_logic/ob_size_r_reg[6]/C
                            (rising edge-triggered cell FDCE clocked by clk100MHZ  {rise@0.000ns fall@5.000ns period=10.000ns})
  Destination:            u_game_logic/ob_size_reg[6]/D
                            (rising edge-triggered cell FDCE clocked by clk100MHZ  {rise@0.000ns fall@5.000ns period=10.000ns})
  Path Group:             clk100MHZ
  Path Type:              Hold (Min at Fast Process Corner)
  Requirement:            0.000ns  (clk100MHZ rise@0.000ns - clk100MHZ rise@0.000ns)
  Data Path Delay:        0.165ns  (logic 0.100ns (60.429%)  route 0.065ns (39.571%))
  Logic Levels:           0  
  Clock Path Skew:        0.000ns (DCD - SCD - CPR)
    Destination Clock Delay (DCD):    2.328ns
    Source Clock Delay      (SCD):    1.871ns
    Clock Pessimism Removal (CPR):    0.457ns

    Location             Delay type                Incr(ns)  Path(ns)    Netlist Resource(s)
  -------------------------------------------------------------------    -------------------
                         (clock clk100MHZ rise edge)
                                                      0.000     0.000 r  
    AC18                                              0.000     0.000 r  clk (IN)
                         net (fo=0)                   0.000     0.000    clk
    AC18                 IBUF (Prop_ibuf_I_O)         0.146     0.146 r  clk_IBUF_inst/O
                         net (fo=1, routed)           1.074     1.220    clk_IBUF
    BUFGCTRL_X0Y0        BUFG (Prop_bufg_I_O)         0.026     1.246 r  clk_IBUF_BUFG_inst/O
                         net (fo=2995, routed)        0.625     1.871    u_game_logic/clk_IBUF_BUFG
    SLICE_X9Y70          FDCE                                         r  u_game_logic/ob_size_r_reg[6]/C
  -------------------------------------------------------------------    -------------------
    SLICE_X9Y70          FDCE (Prop_fdce_C_Q)         0.100     1.971 r  u_game_logic/ob_size_r_reg[6]/Q
                         net (fo=2, routed)           0.065     2.036    u_game_logic/ob_size_r_reg_n_0_[6]
    SLICE_X9Y70          FDCE                                         r  u_game_logic/ob_size_reg[6]/D
  -------------------------------------------------------------------    -------------------

                         (clock clk100MHZ rise edge)
                                                      0.000     0.000 r  
    AC18                                              0.000     0.000 r  clk (IN)
                         net (fo=0)                   0.000     0.000    clk
    AC18                 IBUF (Prop_ibuf_I_O)         0.312     0.312 r  clk_IBUF_inst/O
                         net (fo=1, routed)           1.143     1.455    clk_IBUF
    BUFGCTRL_X0Y0        BUFG (Prop_bufg_I_O)         0.030     1.485 r  clk_IBUF_BUFG_inst/O
                         net (fo=2995, routed)        0.843     2.328    u_game_logic/clk_IBUF_BUFG
    SLICE_X9Y70          FDCE                                         r  u_game_logic/ob_size_reg[6]/C
                         clock pessimism             -0.457     1.871    
    SLICE_X9Y70          FDCE (Hold_fdce_C_D)         0.047     1.918    u_game_logic/ob_size_reg[6]
  -------------------------------------------------------------------
                         required time                         -1.918    
                         arrival time                           2.036    
  -------------------------------------------------------------------
                         slack                                  0.118    

Slack (MET) :             0.118ns  (arrival time - required time)
  Source:                 u_game_logic/ob_size_r_reg[8]/C
                            (rising edge-triggered cell FDCE clocked by clk100MHZ  {rise@0.000ns fall@5.000ns period=10.000ns})
  Destination:            u_game_logic/ob_size_reg[8]/D
                            (rising edge-triggered cell FDCE clocked by clk100MHZ  {rise@0.000ns fall@5.000ns period=10.000ns})
  Path Group:             clk100MHZ
  Path Type:              Hold (Min at Fast Process Corner)
  Requirement:            0.000ns  (clk100MHZ rise@0.000ns - clk100MHZ rise@0.000ns)
  Data Path Delay:        0.165ns  (logic 0.100ns (60.429%)  route 0.065ns (39.571%))
  Logic Levels:           0  
  Clock Path Skew:        0.000ns (DCD - SCD - CPR)
    Destination Clock Delay (DCD):    2.323ns
    Source Clock Delay      (SCD):    1.867ns
    Clock Pessimism Removal (CPR):    0.456ns

    Location             Delay type                Incr(ns)  Path(ns)    Netlist Resource(s)
  -------------------------------------------------------------------    -------------------
                         (clock clk100MHZ rise edge)
                                                      0.000     0.000 r  
    AC18                                              0.000     0.000 r  clk (IN)
                         net (fo=0)                   0.000     0.000    clk
    AC18                 IBUF (Prop_ibuf_I_O)         0.146     0.146 r  clk_IBUF_inst/O
                         net (fo=1, routed)           1.074     1.220    clk_IBUF
    BUFGCTRL_X0Y0        BUFG (Prop_bufg_I_O)         0.026     1.246 r  clk_IBUF_BUFG_inst/O
                         net (fo=2995, routed)        0.621     1.867    u_game_logic/clk_IBUF_BUFG
    SLICE_X23Y72         FDCE                                         r  u_game_logic/ob_size_r_reg[8]/C
  -------------------------------------------------------------------    -------------------
    SLICE_X23Y72         FDCE (Prop_fdce_C_Q)         0.100     1.967 r  u_game_logic/ob_size_r_reg[8]/Q
                         net (fo=2, routed)           0.065     2.032    u_game_logic/ob_size_r_reg_n_0_[8]
    SLICE_X23Y72         FDCE                                         r  u_game_logic/ob_size_reg[8]/D
  -------------------------------------------------------------------    -------------------

                         (clock clk100MHZ rise edge)
                                                      0.000     0.000 r  
    AC18                                              0.000     0.000 r  clk (IN)
                         net (fo=0)                   0.000     0.000    clk
    AC18                 IBUF (Prop_ibuf_I_O)         0.312     0.312 r  clk_IBUF_inst/O
                         net (fo=1, routed)           1.143     1.455    clk_IBUF
    BUFGCTRL_X0Y0        BUFG (Prop_bufg_I_O)         0.030     1.485 r  clk_IBUF_BUFG_inst/O
                         net (fo=2995, routed)        0.838     2.323    u_game_logic/clk_IBUF_BUFG
    SLICE_X23Y72         FDCE                                         r  u_game_logic/ob_size_reg[8]/C
                         clock pessimism             -0.456     1.867    
    SLICE_X23Y72         FDCE (Hold_fdce_C_D)         0.047     1.914    u_game_logic/ob_size_reg[8]
  -------------------------------------------------------------------
                         required time                         -1.914    
                         arrival time                           2.032    
  -------------------------------------------------------------------
                         slack                                  0.118    

Slack (MET) :             0.119ns  (arrival time - required time)
  Source:                 u_game_logic/ob_shape_r_reg[12]/C
                            (rising edge-triggered cell FDCE clocked by clk100MHZ  {rise@0.000ns fall@5.000ns period=10.000ns})
  Destination:            u_game_logic/ob_shape_reg[12]/D
                            (rising edge-triggered cell FDCE clocked by clk100MHZ  {rise@0.000ns fall@5.000ns period=10.000ns})
  Path Group:             clk100MHZ
  Path Type:              Hold (Min at Fast Process Corner)
  Requirement:            0.000ns  (clk100MHZ rise@0.000ns - clk100MHZ rise@0.000ns)
  Data Path Delay:        0.193ns  (logic 0.100ns (51.873%)  route 0.093ns (48.127%))
  Logic Levels:           0  
  Clock Path Skew:        0.011ns (DCD - SCD - CPR)
    Destination Clock Delay (DCD):    2.359ns
    Source Clock Delay      (SCD):    1.902ns
    Clock Pessimism Removal (CPR):    0.446ns

    Location             Delay type                Incr(ns)  Path(ns)    Netlist Resource(s)
  -------------------------------------------------------------------    -------------------
                         (clock clk100MHZ rise edge)
                                                      0.000     0.000 r  
    AC18                                              0.000     0.000 r  clk (IN)
                         net (fo=0)                   0.000     0.000    clk
    AC18                 IBUF (Prop_ibuf_I_O)         0.146     0.146 r  clk_IBUF_inst/O
                         net (fo=1, routed)           1.074     1.220    clk_IBUF
    BUFGCTRL_X0Y0        BUFG (Prop_bufg_I_O)         0.026     1.246 r  clk_IBUF_BUFG_inst/O
                         net (fo=2995, routed)        0.656     1.902    u_game_logic/clk_IBUF_BUFG
    SLICE_X7Y69          FDCE                                         r  u_game_logic/ob_shape_r_reg[12]/C
  -------------------------------------------------------------------    -------------------
    SLICE_X7Y69          FDCE (Prop_fdce_C_Q)         0.100     2.002 r  u_game_logic/ob_shape_r_reg[12]/Q
                         net (fo=2, routed)           0.093     2.095    u_game_logic/ob_shape_r_reg_n_0_[12]
    SLICE_X6Y69          FDCE                                         r  u_game_logic/ob_shape_reg[12]/D
  -------------------------------------------------------------------    -------------------

                         (clock clk100MHZ rise edge)
                                                      0.000     0.000 r  
    AC18                                              0.000     0.000 r  clk (IN)
                         net (fo=0)                   0.000     0.000    clk
    AC18                 IBUF (Prop_ibuf_I_O)         0.312     0.312 r  clk_IBUF_inst/O
                         net (fo=1, routed)           1.143     1.455    clk_IBUF
    BUFGCTRL_X0Y0        BUFG (Prop_bufg_I_O)         0.030     1.485 r  clk_IBUF_BUFG_inst/O
                         net (fo=2995, routed)        0.874     2.359    u_game_logic/clk_IBUF_BUFG
    SLICE_X6Y69          FDCE                                         r  u_game_logic/ob_shape_reg[12]/C
                         clock pessimism             -0.446     1.913    
    SLICE_X6Y69          FDCE (Hold_fdce_C_D)         0.063     1.976    u_game_logic/ob_shape_reg[12]
  -------------------------------------------------------------------
                         required time                         -1.976    
                         arrival time                           2.095    
  -------------------------------------------------------------------
                         slack                                  0.119    

Slack (MET) :             0.121ns  (arrival time - required time)
  Source:                 u_game_logic/ob_shape_r_reg[11]/C
                            (rising edge-triggered cell FDCE clocked by clk100MHZ  {rise@0.000ns fall@5.000ns period=10.000ns})
  Destination:            u_game_logic/ob_shape_reg[11]/D
                            (rising edge-triggered cell FDCE clocked by clk100MHZ  {rise@0.000ns fall@5.000ns period=10.000ns})
  Path Group:             clk100MHZ
  Path Type:              Hold (Min at Fast Process Corner)
  Requirement:            0.000ns  (clk100MHZ rise@0.000ns - clk100MHZ rise@0.000ns)
  Data Path Delay:        0.165ns  (logic 0.100ns (60.429%)  route 0.065ns (39.571%))
  Logic Levels:           0  
  Clock Path Skew:        0.000ns (DCD - SCD - CPR)
    Destination Clock Delay (DCD):    2.360ns
    Source Clock Delay      (SCD):    1.903ns
    Clock Pessimism Removal (CPR):    0.457ns

    Location             Delay type                Incr(ns)  Path(ns)    Netlist Resource(s)
  -------------------------------------------------------------------    -------------------
                         (clock clk100MHZ rise edge)
                                                      0.000     0.000 r  
    AC18                                              0.000     0.000 r  clk (IN)
                         net (fo=0)                   0.000     0.000    clk
    AC18                 IBUF (Prop_ibuf_I_O)         0.146     0.146 r  clk_IBUF_inst/O
                         net (fo=1, routed)           1.074     1.220    clk_IBUF
    BUFGCTRL_X0Y0        BUFG (Prop_bufg_I_O)         0.026     1.246 r  clk_IBUF_BUFG_inst/O
                         net (fo=2995, routed)        0.657     1.903    u_game_logic/clk_IBUF_BUFG
    SLICE_X7Y68          FDCE                                         r  u_game_logic/ob_shape_r_reg[11]/C
  -------------------------------------------------------------------    -------------------
    SLICE_X7Y68          FDCE (Prop_fdce_C_Q)         0.100     2.003 r  u_game_logic/ob_shape_r_reg[11]/Q
                         net (fo=2, routed)           0.065     2.068    u_game_logic/ob_shape_r_reg_n_0_[11]
    SLICE_X7Y68          FDCE                                         r  u_game_logic/ob_shape_reg[11]/D
  -------------------------------------------------------------------    -------------------

                         (clock clk100MHZ rise edge)
                                                      0.000     0.000 r  
    AC18                                              0.000     0.000 r  clk (IN)
                         net (fo=0)                   0.000     0.000    clk
    AC18                 IBUF (Prop_ibuf_I_O)         0.312     0.312 r  clk_IBUF_inst/O
                         net (fo=1, routed)           1.143     1.455    clk_IBUF
    BUFGCTRL_X0Y0        BUFG (Prop_bufg_I_O)         0.030     1.485 r  clk_IBUF_BUFG_inst/O
                         net (fo=2995, routed)        0.875     2.360    u_game_logic/clk_IBUF_BUFG
    SLICE_X7Y68          FDCE                                         r  u_game_logic/ob_shape_reg[11]/C
                         clock pessimism             -0.457     1.903    
    SLICE_X7Y68          FDCE (Hold_fdce_C_D)         0.044     1.947    u_game_logic/ob_shape_reg[11]
  -------------------------------------------------------------------
                         required time                         -1.947    
                         arrival time                           2.068    
  -------------------------------------------------------------------
                         slack                                  0.121    

Slack (MET) :             0.123ns  (arrival time - required time)
  Source:                 u_game_logic/ob_shape_r_reg[15]/C
                            (rising edge-triggered cell FDCE clocked by clk100MHZ  {rise@0.000ns fall@5.000ns period=10.000ns})
  Destination:            u_game_logic/ob_shape_reg[15]/D
                            (rising edge-triggered cell FDCE clocked by clk100MHZ  {rise@0.000ns fall@5.000ns period=10.000ns})
  Path Group:             clk100MHZ
  Path Type:              Hold (Min at Fast Process Corner)
  Requirement:            0.000ns  (clk100MHZ rise@0.000ns - clk100MHZ rise@0.000ns)
  Data Path Delay:        0.167ns  (logic 0.100ns (59.980%)  route 0.067ns (40.020%))
  Logic Levels:           0  
  Clock Path Skew:        0.000ns (DCD - SCD - CPR)
    Destination Clock Delay (DCD):    2.354ns
    Source Clock Delay      (SCD):    1.898ns
    Clock Pessimism Removal (CPR):    0.456ns

    Location             Delay type                Incr(ns)  Path(ns)    Netlist Resource(s)
  -------------------------------------------------------------------    -------------------
                         (clock clk100MHZ rise edge)
                                                      0.000     0.000 r  
    AC18                                              0.000     0.000 r  clk (IN)
                         net (fo=0)                   0.000     0.000    clk
    AC18                 IBUF (Prop_ibuf_I_O)         0.146     0.146 r  clk_IBUF_inst/O
                         net (fo=1, routed)           1.074     1.220    clk_IBUF
    BUFGCTRL_X0Y0        BUFG (Prop_bufg_I_O)         0.026     1.246 r  clk_IBUF_BUFG_inst/O
                         net (fo=2995, routed)        0.652     1.898    u_game_logic/clk_IBUF_BUFG
    SLICE_X4Y73          FDCE                                         r  u_game_logic/ob_shape_r_reg[15]/C
  -------------------------------------------------------------------    -------------------
    SLICE_X4Y73          FDCE (Prop_fdce_C_Q)         0.100     1.998 r  u_game_logic/ob_shape_r_reg[15]/Q
                         net (fo=2, routed)           0.067     2.064    u_game_logic/ob_shape_r_reg_n_0_[15]
    SLICE_X4Y73          FDCE                                         r  u_game_logic/ob_shape_reg[15]/D
  -------------------------------------------------------------------    -------------------

                         (clock clk100MHZ rise edge)
                                                      0.000     0.000 r  
    AC18                                              0.000     0.000 r  clk (IN)
                         net (fo=0)                   0.000     0.000    clk
    AC18                 IBUF (Prop_ibuf_I_O)         0.312     0.312 r  clk_IBUF_inst/O
                         net (fo=1, routed)           1.143     1.455    clk_IBUF
    BUFGCTRL_X0Y0        BUFG (Prop_bufg_I_O)         0.030     1.485 r  clk_IBUF_BUFG_inst/O
                         net (fo=2995, routed)        0.869     2.354    u_game_logic/clk_IBUF_BUFG
    SLICE_X4Y73          FDCE                                         r  u_game_logic/ob_shape_reg[15]/C
                         clock pessimism             -0.456     1.898    
    SLICE_X4Y73          FDCE (Hold_fdce_C_D)         0.044     1.942    u_game_logic/ob_shape_reg[15]
  -------------------------------------------------------------------
                         required time                         -1.942    
                         arrival time                           2.064    
  -------------------------------------------------------------------
                         slack                                  0.123    

Slack (MET) :             0.124ns  (arrival time - required time)
  Source:                 u_game_logic/ob_shape_r_reg[14]/C
                            (rising edge-triggered cell FDCE clocked by clk100MHZ  {rise@0.000ns fall@5.000ns period=10.000ns})
  Destination:            u_game_logic/ob_shape_reg[14]/D
                            (rising edge-triggered cell FDCE clocked by clk100MHZ  {rise@0.000ns fall@5.000ns period=10.000ns})
  Path Group:             clk100MHZ
  Path Type:              Hold (Min at Fast Process Corner)
  Requirement:            0.000ns  (clk100MHZ rise@0.000ns - clk100MHZ rise@0.000ns)
  Data Path Delay:        0.171ns  (logic 0.100ns (58.444%)  route 0.071ns (41.556%))
  Logic Levels:           0  
  Clock Path Skew:        0.000ns (DCD - SCD - CPR)
    Destination Clock Delay (DCD):    2.354ns
    Source Clock Delay      (SCD):    1.898ns
    Clock Pessimism Removal (CPR):    0.456ns

    Location             Delay type                Incr(ns)  Path(ns)    Netlist Resource(s)
  -------------------------------------------------------------------    -------------------
                         (clock clk100MHZ rise edge)
                                                      0.000     0.000 r  
    AC18                                              0.000     0.000 r  clk (IN)
                         net (fo=0)                   0.000     0.000    clk
    AC18                 IBUF (Prop_ibuf_I_O)         0.146     0.146 r  clk_IBUF_inst/O
                         net (fo=1, routed)           1.074     1.220    clk_IBUF
    BUFGCTRL_X0Y0        BUFG (Prop_bufg_I_O)         0.026     1.246 r  clk_IBUF_BUFG_inst/O
                         net (fo=2995, routed)        0.652     1.898    u_game_logic/clk_IBUF_BUFG
    SLICE_X4Y73          FDCE                                         r  u_game_logic/ob_shape_r_reg[14]/C
  -------------------------------------------------------------------    -------------------
    SLICE_X4Y73          FDCE (Prop_fdce_C_Q)         0.100     1.998 r  u_game_logic/ob_shape_r_reg[14]/Q
                         net (fo=2, routed)           0.071     2.069    u_game_logic/ob_shape_r_reg_n_0_[14]
    SLICE_X4Y73          FDCE                                         r  u_game_logic/ob_shape_reg[14]/D
  -------------------------------------------------------------------    -------------------

                         (clock clk100MHZ rise edge)
                                                      0.000     0.000 r  
    AC18                                              0.000     0.000 r  clk (IN)
                         net (fo=0)                   0.000     0.000    clk
    AC18                 IBUF (Prop_ibuf_I_O)         0.312     0.312 r  clk_IBUF_inst/O
                         net (fo=1, routed)           1.143     1.455    clk_IBUF
    BUFGCTRL_X0Y0        BUFG (Prop_bufg_I_O)         0.030     1.485 r  clk_IBUF_BUFG_inst/O
                         net (fo=2995, routed)        0.869     2.354    u_game_logic/clk_IBUF_BUFG
    SLICE_X4Y73          FDCE                                         r  u_game_logic/ob_shape_reg[14]/C
                         clock pessimism             -0.456     1.898    
    SLICE_X4Y73          FDCE (Hold_fdce_C_D)         0.047     1.945    u_game_logic/ob_shape_reg[14]
  -------------------------------------------------------------------
                         required time                         -1.945    
                         arrival time                           2.069    
  -------------------------------------------------------------------
                         slack                                  0.124    

Slack (MET) :             0.131ns  (arrival time - required time)
  Source:                 u_game_logic/ob_shape_r_reg[7]/C
                            (rising edge-triggered cell FDCE clocked by clk100MHZ  {rise@0.000ns fall@5.000ns period=10.000ns})
  Destination:            u_game_logic/ob_shape_reg[7]/D
                            (rising edge-triggered cell FDCE clocked by clk100MHZ  {rise@0.000ns fall@5.000ns period=10.000ns})
  Path Group:             clk100MHZ
  Path Type:              Hold (Min at Fast Process Corner)
  Requirement:            0.000ns  (clk100MHZ rise@0.000ns - clk100MHZ rise@0.000ns)
  Data Path Delay:        0.173ns  (logic 0.118ns (68.129%)  route 0.055ns (31.871%))
  Logic Levels:           0  
  Clock Path Skew:        0.000ns (DCD - SCD - CPR)
    Destination Clock Delay (DCD):    2.360ns
    Source Clock Delay      (SCD):    1.903ns
    Clock Pessimism Removal (CPR):    0.457ns

    Location             Delay type                Incr(ns)  Path(ns)    Netlist Resource(s)
  -------------------------------------------------------------------    -------------------
                         (clock clk100MHZ rise edge)
                                                      0.000     0.000 r  
    AC18                                              0.000     0.000 r  clk (IN)
                         net (fo=0)                   0.000     0.000    clk
    AC18                 IBUF (Prop_ibuf_I_O)         0.146     0.146 r  clk_IBUF_inst/O
                         net (fo=1, routed)           1.074     1.220    clk_IBUF
    BUFGCTRL_X0Y0        BUFG (Prop_bufg_I_O)         0.026     1.246 r  clk_IBUF_BUFG_inst/O
                         net (fo=2995, routed)        0.657     1.903    u_game_logic/clk_IBUF_BUFG
    SLICE_X6Y68          FDCE                                         r  u_game_logic/ob_shape_r_reg[7]/C
  -------------------------------------------------------------------    -------------------
    SLICE_X6Y68          FDCE (Prop_fdce_C_Q)         0.118     2.021 r  u_game_logic/ob_shape_r_reg[7]/Q
                         net (fo=2, routed)           0.055     2.076    u_game_logic/ob_shape_r_reg_n_0_[7]
    SLICE_X6Y68          FDCE                                         r  u_game_logic/ob_shape_reg[7]/D
  -------------------------------------------------------------------    -------------------

                         (clock clk100MHZ rise edge)
                                                      0.000     0.000 r  
    AC18                                              0.000     0.000 r  clk (IN)
                         net (fo=0)                   0.000     0.000    clk
    AC18                 IBUF (Prop_ibuf_I_O)         0.312     0.312 r  clk_IBUF_inst/O
                         net (fo=1, routed)           1.143     1.455    clk_IBUF
    BUFGCTRL_X0Y0        BUFG (Prop_bufg_I_O)         0.030     1.485 r  clk_IBUF_BUFG_inst/O
                         net (fo=2995, routed)        0.875     2.360    u_game_logic/clk_IBUF_BUFG
    SLICE_X6Y68          FDCE                                         r  u_game_logic/ob_shape_reg[7]/C
                         clock pessimism             -0.457     1.903    
    SLICE_X6Y68          FDCE (Hold_fdce_C_D)         0.042     1.945    u_game_logic/ob_shape_reg[7]
  -------------------------------------------------------------------
                         required time                         -1.945    
                         arrival time                           2.076    
  -------------------------------------------------------------------
                         slack                                  0.131    





Pulse Width Checks
--------------------------------------------------------------------------------------
Clock Name:         clk100MHZ
Waveform(ns):       { 0.000 5.000 }
Period(ns):         10.000
Sources:            { clk }

Check Type        Corner  Lib Pin  Reference Pin  Required(ns)  Actual(ns)  Slack(ns)  Location       Pin
Min Period        n/a     BUFG/I   n/a            1.600         10.000      8.400      BUFGCTRL_X0Y0  clk_IBUF_BUFG_inst/I
Min Period        n/a     FDCE/C   n/a            0.750         10.000      9.250      SLICE_X51Y123  u_game_logic/FSM_sequential_state_reg[0]_rep__0/C
Min Period        n/a     FDCE/C   n/a            0.750         10.000      9.250      SLICE_X51Y123  u_game_logic/FSM_sequential_state_reg[2]/C
Min Period        n/a     FDCE/C   n/a            0.750         10.000      9.250      SLICE_X42Y141  u_game_logic/eb_active_reg[10]/C
Min Period        n/a     FDCE/C   n/a            0.750         10.000      9.250      SLICE_X58Y135  u_game_logic/eb_active_reg[58]/C
Min Period        n/a     FDCE/C   n/a            0.750         10.000      9.250      SLICE_X58Y135  u_game_logic/eb_active_reg[59]/C
Min Period        n/a     FDCE/C   n/a            0.750         10.000      9.250      SLICE_X23Y136  u_game_logic/eb_x_r_reg[101]/C
Min Period        n/a     FDCE/C   n/a            0.750         10.000      9.250      SLICE_X21Y134  u_game_logic/eb_x_r_reg[106]/C
Min Period        n/a     FDCE/C   n/a            0.750         10.000      9.250      SLICE_X21Y134  u_game_logic/eb_x_r_reg[109]/C
Min Period        n/a     FDCE/C   n/a            0.750         10.000      9.250      SLICE_X22Y137  u_game_logic/eb_x_r_reg[113]/C
Low Pulse Width   Slow    FDCE/C   n/a            0.400         5.000       4.600      SLICE_X51Y123  u_game_logic/FSM_sequential_state_reg[0]_rep__0/C
Low Pulse Width   Fast    FDCE/C   n/a            0.400         5.000       4.600      SLICE_X51Y123  u_game_logic/FSM_sequential_state_reg[0]_rep__0/C
Low Pulse Width   Slow    FDCE/C   n/a            0.400         5.000       4.600      SLICE_X51Y123  u_game_logic/FSM_sequential_state_reg[2]/C
Low Pulse Width   Fast    FDCE/C   n/a            0.400         5.000       4.600      SLICE_X51Y123  u_game_logic/FSM_sequential_state_reg[2]/C
Low Pulse Width   Slow    FDCE/C   n/a            0.400         5.000       4.600      SLICE_X42Y141  u_game_logic/eb_active_reg[10]/C
Low Pulse Width   Fast    FDCE/C   n/a            0.400         5.000       4.600      SLICE_X42Y141  u_game_logic/eb_active_reg[10]/C
Low Pulse Width   Slow    FDCE/C   n/a            0.400         5.000       4.600      SLICE_X58Y135  u_game_logic/eb_active_reg[58]/C
Low Pulse Width   Fast    FDCE/C   n/a            0.400         5.000       4.600      SLICE_X58Y135  u_game_logic/eb_active_reg[58]/C
Low Pulse Width   Slow    FDCE/C   n/a            0.400         5.000       4.600      SLICE_X58Y135  u_game_logic/eb_active_reg[59]/C
Low Pulse Width   Fast    FDCE/C   n/a            0.400         5.000       4.600      SLICE_X58Y135  u_game_logic/eb_active_reg[59]/C
High Pulse Width  Slow    FDRE/C   n/a            0.350         5.000       4.650      SLICE_X52Y151  clkdiv_reg[0]/C
High Pulse Width  Fast    FDRE/C   n/a            0.350         5.000       4.650      SLICE_X52Y151  clkdiv_reg[0]/C
High Pulse Width  Slow    FDRE/C   n/a            0.350         5.000       4.650      SLICE_X52Y153  clkdiv_reg[10]/C
High Pulse Width  Fast    FDRE/C   n/a            0.350         5.000       4.650      SLICE_X52Y153  clkdiv_reg[10]/C
High Pulse Width  Slow    FDRE/C   n/a            0.350         5.000       4.650      SLICE_X52Y153  clkdiv_reg[11]/C
High Pulse Width  Fast    FDRE/C   n/a            0.350         5.000       4.650      SLICE_X52Y153  clkdiv_reg[11]/C
High Pulse Width  Slow    FDRE/C   n/a            0.350         5.000       4.650      SLICE_X52Y154  clkdiv_reg[12]/C
High Pulse Width  Fast    FDRE/C   n/a            0.350         5.000       4.650      SLICE_X52Y154  clkdiv_reg[12]/C
High Pulse Width  Slow    FDRE/C   n/a            0.350         5.000       4.650      SLICE_X52Y154  clkdiv_reg[13]/C
High Pulse Width  Fast    FDRE/C   n/a            0.350         5.000       4.650      SLICE_X52Y154  clkdiv_reg[13]/C



--------------------------------------------------------------------------------------
Path Group:  (none)
From Clock:  
  To Clock:  

Max Delay           637 Endpoints
Min Delay           637 Endpoints
--------------------------------------------------------------------------------------


Max Delay Paths
--------------------------------------------------------------------------------------
Slack:                    inf
  Source:                 u_vga_top/u_vgac/col_addr_reg[0]/C
                            (rising edge-triggered cell FDRE)
  Destination:            u_vga_top/u_vgac/g_reg[1]/D
  Path Group:             (none)
  Path Type:              Max at Slow Process Corner
  Data Path Delay:        27.011ns  (logic 5.608ns (20.762%)  route 21.403ns (79.238%))
  Logic Levels:           18  (CARRY4=4 DSP48E1=1 FDRE=1 LUT2=4 LUT3=1 LUT4=2 LUT5=2 LUT6=3)

    Location             Delay type                Incr(ns)  Path(ns)    Netlist Resource(s)
  -------------------------------------------------------------------    -------------------
    SLICE_X75Y142        FDRE                         0.000     0.000 r  u_vga_top/u_vgac/col_addr_reg[0]/C
    SLICE_X75Y142        FDRE (Prop_fdre_C_Q)         0.269     0.269 r  u_vga_top/u_vgac/col_addr_reg[0]/Q
                         net (fo=144, routed)         9.578     9.847    u_vga_top/u_vgac/sx_0[0]
    SLICE_X8Y77          LUT2 (Prop_lut2_I0_O)        0.053     9.900 r  u_vga_top/u_vgac/adx2_i_19__4/O
                         net (fo=1, routed)           0.000     9.900    u_vga_top/u_vgac/adx2_i_19__4_n_0
    SLICE_X8Y77          CARRY4 (Prop_carry4_S[0]_O[1])
                                                      0.271    10.171 r  u_vga_top/u_vgac/adx2_i_11__4/O[1]
                         net (fo=13, routed)          1.053    11.223    u_vga_top/u_vgac/col_addr_reg[3]_rep__0_15[0]
    SLICE_X5Y78          LUT5 (Prop_lut5_I2_O)        0.155    11.378 r  u_vga_top/u_vgac/adx2_i_15__4/O
                         net (fo=5, routed)           0.773    12.151    u_vga_top/u_vgac/adx2_i_15__4_n_0
    SLICE_X6Y76          LUT3 (Prop_lut3_I2_O)        0.053    12.204 r  u_vga_top/u_vgac/adx2_i_6__4/O
                         net (fo=3, routed)           0.682    12.886    u_vga_top/gen_obs[0].u_or/B[5]
    DSP48_X0Y31          DSP48E1 (Prop_dsp48e1_A[5]_P[0])
                                                      3.255    16.141 r  u_vga_top/gen_obs[0].u_or/adx2/P[0]
                         net (fo=2, routed)           0.703    16.844    u_vga_top/gen_obs[0].u_or/adx2_n_105
    SLICE_X11Y75         LUT2 (Prop_lut2_I0_O)        0.053    16.897 r  u_vga_top/gen_obs[0].u_or/g[2]_i_703/O
                         net (fo=1, routed)           0.000    16.897    u_vga_top/gen_obs[0].u_or/g[2]_i_703_n_0
    SLICE_X11Y75         CARRY4 (Prop_carry4_S[0]_O[3])
                                                      0.357    17.254 f  u_vga_top/gen_obs[0].u_or/g_reg[2]_i_676/O[3]
                         net (fo=4, routed)           0.875    18.129    u_vga_top/gen_obs[0].u_or/adx2_0[0]
    SLICE_X9Y77          LUT4 (Prop_lut4_I0_O)        0.142    18.271 r  u_vga_top/gen_obs[0].u_or/g[2]_i_519/O
                         net (fo=1, routed)           0.000    18.271    u_vga_top/gen_obs[0].u_or/g[2]_i_519_n_0
    SLICE_X9Y77          CARRY4 (Prop_carry4_S[0]_CO[3])
                                                      0.313    18.584 r  u_vga_top/gen_obs[0].u_or/g_reg[2]_i_310/CO[3]
                         net (fo=1, routed)           0.000    18.584    u_vga_top/gen_obs[0].u_or/g_reg[2]_i_310_n_0
    SLICE_X9Y78          CARRY4 (Prop_carry4_CI_CO[3])
                                                      0.058    18.642 f  u_vga_top/gen_obs[0].u_or/g_reg[2]_i_127/CO[3]
                         net (fo=1, routed)           0.963    19.604    u_vga_top/u_vgac/g[2]_i_23[0]
    SLICE_X5Y78          LUT6 (Prop_lut6_I5_O)        0.053    19.657 f  u_vga_top/u_vgac/g[2]_i_59/O
                         net (fo=3, routed)           1.310    20.967    u_game_logic/g[2]_i_11_0
    SLICE_X18Y71         LUT2 (Prop_lut2_I1_O)        0.053    21.020 f  u_game_logic/g[2]_i_23/O
                         net (fo=7, routed)           0.594    21.614    u_game_logic/ob_active_reg[6]_0[0]
    SLICE_X19Y70         LUT2 (Prop_lut2_I1_O)        0.068    21.682 f  u_game_logic/r[3]_i_74/O
                         net (fo=5, routed)           0.717    22.399    u_vga_top/u_vgac/r[1]_i_6_0
    SLICE_X18Y70         LUT6 (Prop_lut6_I3_O)        0.169    22.568 r  u_vga_top/u_vgac/r[1]_i_13/O
                         net (fo=1, routed)           2.477    25.046    u_vga_top/u_vgac/r[1]_i_13_n_0
    SLICE_X19Y140        LUT4 (Prop_lut4_I1_O)        0.063    25.109 r  u_vga_top/u_vgac/r[1]_i_6/O
                         net (fo=6, routed)           0.654    25.763    u_vga_top/u_vgac/ob_active_reg[4]
    SLICE_X18Y141        LUT6 (Prop_lut6_I1_O)        0.170    25.933 r  u_vga_top/u_vgac/g[1]_i_2/O
                         net (fo=1, routed)           1.025    26.958    u_vga_top/u_vgac/g[1]_i_2_n_0
    SLICE_X39Y142        LUT5 (Prop_lut5_I1_O)        0.053    27.011 r  u_vga_top/u_vgac/g[1]_i_1/O
                         net (fo=1, routed)           0.000    27.011    u_vga_top/u_vgac/vga_data[5]
    SLICE_X39Y142        FDRE                                         r  u_vga_top/u_vgac/g_reg[1]/D
  -------------------------------------------------------------------    -------------------

Slack:                    inf
  Source:                 u_vga_top/u_vgac/col_addr_reg[0]/C
                            (rising edge-triggered cell FDRE)
  Destination:            u_vga_top/u_vgac/b_reg[0]/D
  Path Group:             (none)
  Path Type:              Max at Slow Process Corner
  Data Path Delay:        26.991ns  (logic 5.608ns (20.777%)  route 21.383ns (79.223%))
  Logic Levels:           18  (CARRY4=4 DSP48E1=1 FDRE=1 LUT2=4 LUT3=1 LUT4=2 LUT5=2 LUT6=3)

    Location             Delay type                Incr(ns)  Path(ns)    Netlist Resource(s)
  -------------------------------------------------------------------    -------------------
    SLICE_X75Y142        FDRE                         0.000     0.000 r  u_vga_top/u_vgac/col_addr_reg[0]/C
    SLICE_X75Y142        FDRE (Prop_fdre_C_Q)         0.269     0.269 r  u_vga_top/u_vgac/col_addr_reg[0]/Q
                         net (fo=144, routed)         9.578     9.847    u_vga_top/u_vgac/sx_0[0]
    SLICE_X8Y77          LUT2 (Prop_lut2_I0_O)        0.053     9.900 r  u_vga_top/u_vgac/adx2_i_19__4/O
                         net (fo=1, routed)           0.000     9.900    u_vga_top/u_vgac/adx2_i_19__4_n_0
    SLICE_X8Y77          CARRY4 (Prop_carry4_S[0]_O[1])
                                                      0.271    10.171 r  u_vga_top/u_vgac/adx2_i_11__4/O[1]
                         net (fo=13, routed)          1.053    11.223    u_vga_top/u_vgac/col_addr_reg[3]_rep__0_15[0]
    SLICE_X5Y78          LUT5 (Prop_lut5_I2_O)        0.155    11.378 r  u_vga_top/u_vgac/adx2_i_15__4/O
                         net (fo=5, routed)           0.773    12.151    u_vga_top/u_vgac/adx2_i_15__4_n_0
    SLICE_X6Y76          LUT3 (Prop_lut3_I2_O)        0.053    12.204 r  u_vga_top/u_vgac/adx2_i_6__4/O
                         net (fo=3, routed)           0.682    12.886    u_vga_top/gen_obs[0].u_or/B[5]
    DSP48_X0Y31          DSP48E1 (Prop_dsp48e1_A[5]_P[0])
                                                      3.255    16.141 r  u_vga_top/gen_obs[0].u_or/adx2/P[0]
                         net (fo=2, routed)           0.703    16.844    u_vga_top/gen_obs[0].u_or/adx2_n_105
    SLICE_X11Y75         LUT2 (Prop_lut2_I0_O)        0.053    16.897 r  u_vga_top/gen_obs[0].u_or/g[2]_i_703/O
                         net (fo=1, routed)           0.000    16.897    u_vga_top/gen_obs[0].u_or/g[2]_i_703_n_0
    SLICE_X11Y75         CARRY4 (Prop_carry4_S[0]_O[3])
                                                      0.357    17.254 f  u_vga_top/gen_obs[0].u_or/g_reg[2]_i_676/O[3]
                         net (fo=4, routed)           0.875    18.129    u_vga_top/gen_obs[0].u_or/adx2_0[0]
    SLICE_X9Y77          LUT4 (Prop_lut4_I0_O)        0.142    18.271 r  u_vga_top/gen_obs[0].u_or/g[2]_i_519/O
                         net (fo=1, routed)           0.000    18.271    u_vga_top/gen_obs[0].u_or/g[2]_i_519_n_0
    SLICE_X9Y77          CARRY4 (Prop_carry4_S[0]_CO[3])
                                                      0.313    18.584 r  u_vga_top/gen_obs[0].u_or/g_reg[2]_i_310/CO[3]
                         net (fo=1, routed)           0.000    18.584    u_vga_top/gen_obs[0].u_or/g_reg[2]_i_310_n_0
    SLICE_X9Y78          CARRY4 (Prop_carry4_CI_CO[3])
                                                      0.058    18.642 f  u_vga_top/gen_obs[0].u_or/g_reg[2]_i_127/CO[3]
                         net (fo=1, routed)           0.963    19.604    u_vga_top/u_vgac/g[2]_i_23[0]
    SLICE_X5Y78          LUT6 (Prop_lut6_I5_O)        0.053    19.657 f  u_vga_top/u_vgac/g[2]_i_59/O
                         net (fo=3, routed)           1.310    20.967    u_game_logic/g[2]_i_11_0
    SLICE_X18Y71         LUT2 (Prop_lut2_I1_O)        0.053    21.020 f  u_game_logic/g[2]_i_23/O
                         net (fo=7, routed)           0.594    21.614    u_game_logic/ob_active_reg[6]_0[0]
    SLICE_X19Y70         LUT2 (Prop_lut2_I1_O)        0.068    21.682 f  u_game_logic/r[3]_i_74/O
                         net (fo=5, routed)           0.717    22.399    u_vga_top/u_vgac/r[1]_i_6_0
    SLICE_X18Y70         LUT6 (Prop_lut6_I3_O)        0.169    22.568 r  u_vga_top/u_vgac/r[1]_i_13/O
                         net (fo=1, routed)           2.477    25.046    u_vga_top/u_vgac/r[1]_i_13_n_0
    SLICE_X19Y140        LUT4 (Prop_lut4_I1_O)        0.063    25.109 r  u_vga_top/u_vgac/r[1]_i_6/O
                         net (fo=6, routed)           0.632    25.741    u_vga_top/gen_enemy[2].u_er/b_reg[0]_1
    SLICE_X18Y140        LUT6 (Prop_lut6_I4_O)        0.170    25.911 r  u_vga_top/gen_enemy[2].u_er/b[0]_i_2/O
                         net (fo=1, routed)           1.027    26.938    u_vga_top/u_vgac/b_reg[0]_1
    SLICE_X39Y142        LUT5 (Prop_lut5_I2_O)        0.053    26.991 r  u_vga_top/u_vgac/b[0]_i_1/O
                         net (fo=1, routed)           0.000    26.991    u_vga_top/u_vgac/vga_data[8]
    SLICE_X39Y142        FDRE                                         r  u_vga_top/u_vgac/b_reg[0]/D
  -------------------------------------------------------------------    -------------------

Slack:                    inf
  Source:                 u_vga_top/u_vgac/col_addr_reg[0]/C
                            (rising edge-triggered cell FDRE)
  Destination:            u_vga_top/u_vgac/r_reg[0]/D
  Path Group:             (none)
  Path Type:              Max at Slow Process Corner
  Data Path Delay:        26.966ns  (logic 5.608ns (20.797%)  route 21.358ns (79.203%))
  Logic Levels:           18  (CARRY4=4 DSP48E1=1 FDRE=1 LUT2=4 LUT3=1 LUT4=2 LUT5=2 LUT6=3)

    Location             Delay type                Incr(ns)  Path(ns)    Netlist Resource(s)
  -------------------------------------------------------------------    -------------------
    SLICE_X75Y142        FDRE                         0.000     0.000 r  u_vga_top/u_vgac/col_addr_reg[0]/C
    SLICE_X75Y142        FDRE (Prop_fdre_C_Q)         0.269     0.269 r  u_vga_top/u_vgac/col_addr_reg[0]/Q
                         net (fo=144, routed)         9.578     9.847    u_vga_top/u_vgac/sx_0[0]
    SLICE_X8Y77          LUT2 (Prop_lut2_I0_O)        0.053     9.900 r  u_vga_top/u_vgac/adx2_i_19__4/O
                         net (fo=1, routed)           0.000     9.900    u_vga_top/u_vgac/adx2_i_19__4_n_0
    SLICE_X8Y77          CARRY4 (Prop_carry4_S[0]_O[1])
                                                      0.271    10.171 r  u_vga_top/u_vgac/adx2_i_11__4/O[1]
                         net (fo=13, routed)          1.053    11.223    u_vga_top/u_vgac/col_addr_reg[3]_rep__0_15[0]
    SLICE_X5Y78          LUT5 (Prop_lut5_I2_O)        0.155    11.378 r  u_vga_top/u_vgac/adx2_i_15__4/O
                         net (fo=5, routed)           0.773    12.151    u_vga_top/u_vgac/adx2_i_15__4_n_0
    SLICE_X6Y76          LUT3 (Prop_lut3_I2_O)        0.053    12.204 r  u_vga_top/u_vgac/adx2_i_6__4/O
                         net (fo=3, routed)           0.682    12.886    u_vga_top/gen_obs[0].u_or/B[5]
    DSP48_X0Y31          DSP48E1 (Prop_dsp48e1_A[5]_P[0])
                                                      3.255    16.141 r  u_vga_top/gen_obs[0].u_or/adx2/P[0]
                         net (fo=2, routed)           0.703    16.844    u_vga_top/gen_obs[0].u_or/adx2_n_105
    SLICE_X11Y75         LUT2 (Prop_lut2_I0_O)        0.053    16.897 r  u_vga_top/gen_obs[0].u_or/g[2]_i_703/O
                         net (fo=1, routed)           0.000    16.897    u_vga_top/gen_obs[0].u_or/g[2]_i_703_n_0
    SLICE_X11Y75         CARRY4 (Prop_carry4_S[0]_O[3])
                                                      0.357    17.254 f  u_vga_top/gen_obs[0].u_or/g_reg[2]_i_676/O[3]
                         net (fo=4, routed)           0.875    18.129    u_vga_top/gen_obs[0].u_or/adx2_0[0]
    SLICE_X9Y77          LUT4 (Prop_lut4_I0_O)        0.142    18.271 r  u_vga_top/gen_obs[0].u_or/g[2]_i_519/O
                         net (fo=1, routed)           0.000    18.271    u_vga_top/gen_obs[0].u_or/g[2]_i_519_n_0
    SLICE_X9Y77          CARRY4 (Prop_carry4_S[0]_CO[3])
                                                      0.313    18.584 r  u_vga_top/gen_obs[0].u_or/g_reg[2]_i_310/CO[3]
                         net (fo=1, routed)           0.000    18.584    u_vga_top/gen_obs[0].u_or/g_reg[2]_i_310_n_0
    SLICE_X9Y78          CARRY4 (Prop_carry4_CI_CO[3])
                                                      0.058    18.642 f  u_vga_top/gen_obs[0].u_or/g_reg[2]_i_127/CO[3]
                         net (fo=1, routed)           0.963    19.604    u_vga_top/u_vgac/g[2]_i_23[0]
    SLICE_X5Y78          LUT6 (Prop_lut6_I5_O)        0.053    19.657 f  u_vga_top/u_vgac/g[2]_i_59/O
                         net (fo=3, routed)           1.310    20.967    u_game_logic/g[2]_i_11_0
    SLICE_X18Y71         LUT2 (Prop_lut2_I1_O)        0.053    21.020 f  u_game_logic/g[2]_i_23/O
                         net (fo=7, routed)           0.594    21.614    u_game_logic/ob_active_reg[6]_0[0]
    SLICE_X19Y70         LUT2 (Prop_lut2_I1_O)        0.068    21.682 f  u_game_logic/r[3]_i_74/O
                         net (fo=5, routed)           0.717    22.399    u_vga_top/u_vgac/r[1]_i_6_0
    SLICE_X18Y70         LUT6 (Prop_lut6_I3_O)        0.169    22.568 r  u_vga_top/u_vgac/r[1]_i_13/O
                         net (fo=1, routed)           2.477    25.046    u_vga_top/u_vgac/r[1]_i_13_n_0
    SLICE_X19Y140        LUT4 (Prop_lut4_I1_O)        0.063    25.109 r  u_vga_top/u_vgac/r[1]_i_6/O
                         net (fo=6, routed)           0.667    25.776    u_vga_top/u_vgac/ob_active_reg[4]
    SLICE_X18Y141        LUT6 (Prop_lut6_I3_O)        0.170    25.946 r  u_vga_top/u_vgac/r[0]_i_2/O
                         net (fo=1, routed)           0.967    26.913    u_vga_top/u_vgac/r[0]_i_2_n_0
    SLICE_X40Y143        LUT5 (Prop_lut5_I1_O)        0.053    26.966 r  u_vga_top/u_vgac/r[0]_i_1/O
                         net (fo=1, routed)           0.000    26.966    u_vga_top/u_vgac/vga_data[0]
    SLICE_X40Y143        FDRE                                         r  u_vga_top/u_vgac/r_reg[0]/D
  -------------------------------------------------------------------    -------------------

Slack:                    inf
  Source:                 u_vga_top/u_vgac/col_addr_reg[0]/C
                            (rising edge-triggered cell FDRE)
  Destination:            u_vga_top/u_vgac/g_reg[0]/D
  Path Group:             (none)
  Path Type:              Max at Slow Process Corner
  Data Path Delay:        26.908ns  (logic 5.608ns (20.842%)  route 21.300ns (79.158%))
  Logic Levels:           18  (CARRY4=4 DSP48E1=1 FDRE=1 LUT2=4 LUT3=1 LUT4=2 LUT5=2 LUT6=3)

    Location             Delay type                Incr(ns)  Path(ns)    Netlist Resource(s)
  -------------------------------------------------------------------    -------------------
    SLICE_X75Y142        FDRE                         0.000     0.000 r  u_vga_top/u_vgac/col_addr_reg[0]/C
    SLICE_X75Y142        FDRE (Prop_fdre_C_Q)         0.269     0.269 r  u_vga_top/u_vgac/col_addr_reg[0]/Q
                         net (fo=144, routed)         9.578     9.847    u_vga_top/u_vgac/sx_0[0]
    SLICE_X8Y77          LUT2 (Prop_lut2_I0_O)        0.053     9.900 r  u_vga_top/u_vgac/adx2_i_19__4/O
                         net (fo=1, routed)           0.000     9.900    u_vga_top/u_vgac/adx2_i_19__4_n_0
    SLICE_X8Y77          CARRY4 (Prop_carry4_S[0]_O[1])
                                                      0.271    10.171 r  u_vga_top/u_vgac/adx2_i_11__4/O[1]
                         net (fo=13, routed)          1.053    11.223    u_vga_top/u_vgac/col_addr_reg[3]_rep__0_15[0]
    SLICE_X5Y78          LUT5 (Prop_lut5_I2_O)        0.155    11.378 r  u_vga_top/u_vgac/adx2_i_15__4/O
                         net (fo=5, routed)           0.773    12.151    u_vga_top/u_vgac/adx2_i_15__4_n_0
    SLICE_X6Y76          LUT3 (Prop_lut3_I2_O)        0.053    12.204 r  u_vga_top/u_vgac/adx2_i_6__4/O
                         net (fo=3, routed)           0.682    12.886    u_vga_top/gen_obs[0].u_or/B[5]
    DSP48_X0Y31          DSP48E1 (Prop_dsp48e1_A[5]_P[0])
                                                      3.255    16.141 r  u_vga_top/gen_obs[0].u_or/adx2/P[0]
                         net (fo=2, routed)           0.703    16.844    u_vga_top/gen_obs[0].u_or/adx2_n_105
    SLICE_X11Y75         LUT2 (Prop_lut2_I0_O)        0.053    16.897 r  u_vga_top/gen_obs[0].u_or/g[2]_i_703/O
                         net (fo=1, routed)           0.000    16.897    u_vga_top/gen_obs[0].u_or/g[2]_i_703_n_0
    SLICE_X11Y75         CARRY4 (Prop_carry4_S[0]_O[3])
                                                      0.357    17.254 f  u_vga_top/gen_obs[0].u_or/g_reg[2]_i_676/O[3]
                         net (fo=4, routed)           0.875    18.129    u_vga_top/gen_obs[0].u_or/adx2_0[0]
    SLICE_X9Y77          LUT4 (Prop_lut4_I0_O)        0.142    18.271 r  u_vga_top/gen_obs[0].u_or/g[2]_i_519/O
                         net (fo=1, routed)           0.000    18.271    u_vga_top/gen_obs[0].u_or/g[2]_i_519_n_0
    SLICE_X9Y77          CARRY4 (Prop_carry4_S[0]_CO[3])
                                                      0.313    18.584 r  u_vga_top/gen_obs[0].u_or/g_reg[2]_i_310/CO[3]
                         net (fo=1, routed)           0.000    18.584    u_vga_top/gen_obs[0].u_or/g_reg[2]_i_310_n_0
    SLICE_X9Y78          CARRY4 (Prop_carry4_CI_CO[3])
                                                      0.058    18.642 f  u_vga_top/gen_obs[0].u_or/g_reg[2]_i_127/CO[3]
                         net (fo=1, routed)           0.963    19.604    u_vga_top/u_vgac/g[2]_i_23[0]
    SLICE_X5Y78          LUT6 (Prop_lut6_I5_O)        0.053    19.657 f  u_vga_top/u_vgac/g[2]_i_59/O
                         net (fo=3, routed)           1.310    20.967    u_game_logic/g[2]_i_11_0
    SLICE_X18Y71         LUT2 (Prop_lut2_I1_O)        0.053    21.020 f  u_game_logic/g[2]_i_23/O
                         net (fo=7, routed)           0.594    21.614    u_game_logic/ob_active_reg[6]_0[0]
    SLICE_X19Y70         LUT2 (Prop_lut2_I1_O)        0.068    21.682 f  u_game_logic/r[3]_i_74/O
                         net (fo=5, routed)           0.717    22.399    u_vga_top/u_vgac/r[1]_i_6_0
    SLICE_X18Y70         LUT6 (Prop_lut6_I3_O)        0.169    22.568 r  u_vga_top/u_vgac/r[1]_i_13/O
                         net (fo=1, routed)           2.477    25.046    u_vga_top/u_vgac/r[1]_i_13_n_0
    SLICE_X19Y140        LUT4 (Prop_lut4_I1_O)        0.063    25.109 r  u_vga_top/u_vgac/r[1]_i_6/O
                         net (fo=6, routed)           0.474    25.583    u_vga_top/u_vgac/ob_active_reg[4]
    SLICE_X18Y141        LUT6 (Prop_lut6_I2_O)        0.170    25.753 r  u_vga_top/u_vgac/g[0]_i_2/O
                         net (fo=1, routed)           1.102    26.855    u_vga_top/u_vgac/g[0]_i_2_n_0
    SLICE_X39Y142        LUT5 (Prop_lut5_I1_O)        0.053    26.908 r  u_vga_top/u_vgac/g[0]_i_1/O
                         net (fo=1, routed)           0.000    26.908    u_vga_top/u_vgac/vga_data[4]
    SLICE_X39Y142        FDRE                                         r  u_vga_top/u_vgac/g_reg[0]/D
  -------------------------------------------------------------------    -------------------

Slack:                    inf
  Source:                 u_vga_top/u_vgac/col_addr_reg[0]/C
                            (rising edge-triggered cell FDRE)
  Destination:            u_vga_top/u_vgac/r_reg[1]/D
  Path Group:             (none)
  Path Type:              Max at Slow Process Corner
  Data Path Delay:        26.817ns  (logic 5.608ns (20.912%)  route 21.209ns (79.088%))
  Logic Levels:           18  (CARRY4=4 DSP48E1=1 FDRE=1 LUT2=4 LUT3=1 LUT4=2 LUT5=2 LUT6=3)

    Location             Delay type                Incr(ns)  Path(ns)    Netlist Resource(s)
  -------------------------------------------------------------------    -------------------
    SLICE_X75Y142        FDRE                         0.000     0.000 r  u_vga_top/u_vgac/col_addr_reg[0]/C
    SLICE_X75Y142        FDRE (Prop_fdre_C_Q)         0.269     0.269 r  u_vga_top/u_vgac/col_addr_reg[0]/Q
                         net (fo=144, routed)         9.578     9.847    u_vga_top/u_vgac/sx_0[0]
    SLICE_X8Y77          LUT2 (Prop_lut2_I0_O)        0.053     9.900 r  u_vga_top/u_vgac/adx2_i_19__4/O
                         net (fo=1, routed)           0.000     9.900    u_vga_top/u_vgac/adx2_i_19__4_n_0
    SLICE_X8Y77          CARRY4 (Prop_carry4_S[0]_O[1])
                                                      0.271    10.171 r  u_vga_top/u_vgac/adx2_i_11__4/O[1]
                         net (fo=13, routed)          1.053    11.223    u_vga_top/u_vgac/col_addr_reg[3]_rep__0_15[0]
    SLICE_X5Y78          LUT5 (Prop_lut5_I2_O)        0.155    11.378 r  u_vga_top/u_vgac/adx2_i_15__4/O
                         net (fo=5, routed)           0.773    12.151    u_vga_top/u_vgac/adx2_i_15__4_n_0
    SLICE_X6Y76          LUT3 (Prop_lut3_I2_O)        0.053    12.204 r  u_vga_top/u_vgac/adx2_i_6__4/O
                         net (fo=3, routed)           0.682    12.886    u_vga_top/gen_obs[0].u_or/B[5]
    DSP48_X0Y31          DSP48E1 (Prop_dsp48e1_A[5]_P[0])
                                                      3.255    16.141 r  u_vga_top/gen_obs[0].u_or/adx2/P[0]
                         net (fo=2, routed)           0.703    16.844    u_vga_top/gen_obs[0].u_or/adx2_n_105
    SLICE_X11Y75         LUT2 (Prop_lut2_I0_O)        0.053    16.897 r  u_vga_top/gen_obs[0].u_or/g[2]_i_703/O
                         net (fo=1, routed)           0.000    16.897    u_vga_top/gen_obs[0].u_or/g[2]_i_703_n_0
    SLICE_X11Y75         CARRY4 (Prop_carry4_S[0]_O[3])
                                                      0.357    17.254 f  u_vga_top/gen_obs[0].u_or/g_reg[2]_i_676/O[3]
                         net (fo=4, routed)           0.875    18.129    u_vga_top/gen_obs[0].u_or/adx2_0[0]
    SLICE_X9Y77          LUT4 (Prop_lut4_I0_O)        0.142    18.271 r  u_vga_top/gen_obs[0].u_or/g[2]_i_519/O
                         net (fo=1, routed)           0.000    18.271    u_vga_top/gen_obs[0].u_or/g[2]_i_519_n_0
    SLICE_X9Y77          CARRY4 (Prop_carry4_S[0]_CO[3])
                                                      0.313    18.584 r  u_vga_top/gen_obs[0].u_or/g_reg[2]_i_310/CO[3]
                         net (fo=1, routed)           0.000    18.584    u_vga_top/gen_obs[0].u_or/g_reg[2]_i_310_n_0
    SLICE_X9Y78          CARRY4 (Prop_carry4_CI_CO[3])
                                                      0.058    18.642 f  u_vga_top/gen_obs[0].u_or/g_reg[2]_i_127/CO[3]
                         net (fo=1, routed)           0.963    19.604    u_vga_top/u_vgac/g[2]_i_23[0]
    SLICE_X5Y78          LUT6 (Prop_lut6_I5_O)        0.053    19.657 f  u_vga_top/u_vgac/g[2]_i_59/O
                         net (fo=3, routed)           1.310    20.967    u_game_logic/g[2]_i_11_0
    SLICE_X18Y71         LUT2 (Prop_lut2_I1_O)        0.053    21.020 f  u_game_logic/g[2]_i_23/O
                         net (fo=7, routed)           0.594    21.614    u_game_logic/ob_active_reg[6]_0[0]
    SLICE_X19Y70         LUT2 (Prop_lut2_I1_O)        0.068    21.682 f  u_game_logic/r[3]_i_74/O
                         net (fo=5, routed)           0.717    22.399    u_vga_top/u_vgac/r[1]_i_6_0
    SLICE_X18Y70         LUT6 (Prop_lut6_I3_O)        0.169    22.568 r  u_vga_top/u_vgac/r[1]_i_13/O
                         net (fo=1, routed)           2.477    25.046    u_vga_top/u_vgac/r[1]_i_13_n_0
    SLICE_X19Y140        LUT4 (Prop_lut4_I1_O)        0.063    25.109 r  u_vga_top/u_vgac/r[1]_i_6/O
                         net (fo=6, routed)           0.516    25.625    u_vga_top/u_vgac/ob_active_reg[4]
    SLICE_X19Y140        LUT6 (Prop_lut6_I3_O)        0.170    25.795 r  u_vga_top/u_vgac/r[1]_i_2/O
                         net (fo=1, routed)           0.969    26.764    u_vga_top/u_vgac/r[1]_i_2_n_0
    SLICE_X40Y143        LUT5 (Prop_lut5_I1_O)        0.053    26.817 r  u_vga_top/u_vgac/r[1]_i_1/O
                         net (fo=1, routed)           0.000    26.817    u_vga_top/u_vgac/vga_data[1]
    SLICE_X40Y143        FDRE                                         r  u_vga_top/u_vgac/r_reg[1]/D
  -------------------------------------------------------------------    -------------------

Slack:                    inf
  Source:                 u_vga_top/u_vgac/col_addr_reg[0]/C
                            (rising edge-triggered cell FDRE)
  Destination:            u_vga_top/u_vgac/b_reg[1]/D
  Path Group:             (none)
  Path Type:              Max at Slow Process Corner
  Data Path Delay:        26.633ns  (logic 5.608ns (21.056%)  route 21.025ns (78.944%))
  Logic Levels:           18  (CARRY4=4 DSP48E1=1 FDRE=1 LUT2=4 LUT3=1 LUT4=2 LUT5=2 LUT6=3)

    Location             Delay type                Incr(ns)  Path(ns)    Netlist Resource(s)
  -------------------------------------------------------------------    -------------------
    SLICE_X75Y142        FDRE                         0.000     0.000 r  u_vga_top/u_vgac/col_addr_reg[0]/C
    SLICE_X75Y142        FDRE (Prop_fdre_C_Q)         0.269     0.269 r  u_vga_top/u_vgac/col_addr_reg[0]/Q
                         net (fo=144, routed)         9.578     9.847    u_vga_top/u_vgac/sx_0[0]
    SLICE_X8Y77          LUT2 (Prop_lut2_I0_O)        0.053     9.900 r  u_vga_top/u_vgac/adx2_i_19__4/O
                         net (fo=1, routed)           0.000     9.900    u_vga_top/u_vgac/adx2_i_19__4_n_0
    SLICE_X8Y77          CARRY4 (Prop_carry4_S[0]_O[1])
                                                      0.271    10.171 r  u_vga_top/u_vgac/adx2_i_11__4/O[1]
                         net (fo=13, routed)          1.053    11.223    u_vga_top/u_vgac/col_addr_reg[3]_rep__0_15[0]
    SLICE_X5Y78          LUT5 (Prop_lut5_I2_O)        0.155    11.378 r  u_vga_top/u_vgac/adx2_i_15__4/O
                         net (fo=5, routed)           0.773    12.151    u_vga_top/u_vgac/adx2_i_15__4_n_0
    SLICE_X6Y76          LUT3 (Prop_lut3_I2_O)        0.053    12.204 r  u_vga_top/u_vgac/adx2_i_6__4/O
                         net (fo=3, routed)           0.682    12.886    u_vga_top/gen_obs[0].u_or/B[5]
    DSP48_X0Y31          DSP48E1 (Prop_dsp48e1_A[5]_P[0])
                                                      3.255    16.141 r  u_vga_top/gen_obs[0].u_or/adx2/P[0]
                         net (fo=2, routed)           0.703    16.844    u_vga_top/gen_obs[0].u_or/adx2_n_105
    SLICE_X11Y75         LUT2 (Prop_lut2_I0_O)        0.053    16.897 r  u_vga_top/gen_obs[0].u_or/g[2]_i_703/O
                         net (fo=1, routed)           0.000    16.897    u_vga_top/gen_obs[0].u_or/g[2]_i_703_n_0
    SLICE_X11Y75         CARRY4 (Prop_carry4_S[0]_O[3])
                                                      0.357    17.254 f  u_vga_top/gen_obs[0].u_or/g_reg[2]_i_676/O[3]
                         net (fo=4, routed)           0.875    18.129    u_vga_top/gen_obs[0].u_or/adx2_0[0]
    SLICE_X9Y77          LUT4 (Prop_lut4_I0_O)        0.142    18.271 r  u_vga_top/gen_obs[0].u_or/g[2]_i_519/O
                         net (fo=1, routed)           0.000    18.271    u_vga_top/gen_obs[0].u_or/g[2]_i_519_n_0
    SLICE_X9Y77          CARRY4 (Prop_carry4_S[0]_CO[3])
                                                      0.313    18.584 r  u_vga_top/gen_obs[0].u_or/g_reg[2]_i_310/CO[3]
                         net (fo=1, routed)           0.000    18.584    u_vga_top/gen_obs[0].u_or/g_reg[2]_i_310_n_0
    SLICE_X9Y78          CARRY4 (Prop_carry4_CI_CO[3])
                                                      0.058    18.642 f  u_vga_top/gen_obs[0].u_or/g_reg[2]_i_127/CO[3]
                         net (fo=1, routed)           0.963    19.604    u_vga_top/u_vgac/g[2]_i_23[0]
    SLICE_X5Y78          LUT6 (Prop_lut6_I5_O)        0.053    19.657 f  u_vga_top/u_vgac/g[2]_i_59/O
                         net (fo=3, routed)           1.310    20.967    u_game_logic/g[2]_i_11_0
    SLICE_X18Y71         LUT2 (Prop_lut2_I1_O)        0.053    21.020 f  u_game_logic/g[2]_i_23/O
                         net (fo=7, routed)           0.594    21.614    u_game_logic/ob_active_reg[6]_0[0]
    SLICE_X19Y70         LUT2 (Prop_lut2_I1_O)        0.068    21.682 f  u_game_logic/r[3]_i_74/O
                         net (fo=5, routed)           0.717    22.399    u_vga_top/u_vgac/r[1]_i_6_0
    SLICE_X18Y70         LUT6 (Prop_lut6_I3_O)        0.169    22.568 r  u_vga_top/u_vgac/r[1]_i_13/O
                         net (fo=1, routed)           2.477    25.046    u_vga_top/u_vgac/r[1]_i_13_n_0
    SLICE_X19Y140        LUT4 (Prop_lut4_I1_O)        0.063    25.109 r  u_vga_top/u_vgac/r[1]_i_6/O
                         net (fo=6, routed)           0.139    25.248    u_vga_top/u_vgac/ob_active_reg[4]
    SLICE_X19Y140        LUT6 (Prop_lut6_I4_O)        0.170    25.418 r  u_vga_top/u_vgac/b[1]_i_2/O
                         net (fo=1, routed)           1.163    26.580    u_vga_top/u_vgac/b[1]_i_2_n_0
    SLICE_X39Y142        LUT5 (Prop_lut5_I2_O)        0.053    26.633 r  u_vga_top/u_vgac/b[1]_i_1/O
                         net (fo=1, routed)           0.000    26.633    u_vga_top/u_vgac/vga_data[9]
    SLICE_X39Y142        FDRE                                         r  u_vga_top/u_vgac/b_reg[1]/D
  -------------------------------------------------------------------    -------------------

Slack:                    inf
  Source:                 u_vga_top/u_vgac/col_addr_reg[0]/C
                            (rising edge-triggered cell FDRE)
  Destination:            u_vga_top/u_vgac/r_reg[2]/D
  Path Group:             (none)
  Path Type:              Max at Slow Process Corner
  Data Path Delay:        25.906ns  (logic 5.428ns (20.953%)  route 20.478ns (79.047%))
  Logic Levels:           17  (CARRY4=4 DSP48E1=1 FDRE=1 LUT2=4 LUT3=1 LUT4=1 LUT5=2 LUT6=3)

    Location             Delay type                Incr(ns)  Path(ns)    Netlist Resource(s)
  -------------------------------------------------------------------    -------------------
    SLICE_X75Y142        FDRE                         0.000     0.000 r  u_vga_top/u_vgac/col_addr_reg[0]/C
    SLICE_X75Y142        FDRE (Prop_fdre_C_Q)         0.269     0.269 r  u_vga_top/u_vgac/col_addr_reg[0]/Q
                         net (fo=144, routed)         9.578     9.847    u_vga_top/u_vgac/sx_0[0]
    SLICE_X8Y77          LUT2 (Prop_lut2_I0_O)        0.053     9.900 r  u_vga_top/u_vgac/adx2_i_19__4/O
                         net (fo=1, routed)           0.000     9.900    u_vga_top/u_vgac/adx2_i_19__4_n_0
    SLICE_X8Y77          CARRY4 (Prop_carry4_S[0]_O[1])
                                                      0.271    10.171 r  u_vga_top/u_vgac/adx2_i_11__4/O[1]
                         net (fo=13, routed)          1.053    11.223    u_vga_top/u_vgac/col_addr_reg[3]_rep__0_15[0]
    SLICE_X5Y78          LUT5 (Prop_lut5_I2_O)        0.155    11.378 r  u_vga_top/u_vgac/adx2_i_15__4/O
                         net (fo=5, routed)           0.773    12.151    u_vga_top/u_vgac/adx2_i_15__4_n_0
    SLICE_X6Y76          LUT3 (Prop_lut3_I2_O)        0.053    12.204 r  u_vga_top/u_vgac/adx2_i_6__4/O
                         net (fo=3, routed)           0.682    12.886    u_vga_top/gen_obs[0].u_or/B[5]
    DSP48_X0Y31          DSP48E1 (Prop_dsp48e1_A[5]_P[0])
                                                      3.255    16.141 r  u_vga_top/gen_obs[0].u_or/adx2/P[0]
                         net (fo=2, routed)           0.703    16.844    u_vga_top/gen_obs[0].u_or/adx2_n_105
    SLICE_X11Y75         LUT2 (Prop_lut2_I0_O)        0.053    16.897 r  u_vga_top/gen_obs[0].u_or/g[2]_i_703/O
                         net (fo=1, routed)           0.000    16.897    u_vga_top/gen_obs[0].u_or/g[2]_i_703_n_0
    SLICE_X11Y75         CARRY4 (Prop_carry4_S[0]_O[3])
                                                      0.357    17.254 f  u_vga_top/gen_obs[0].u_or/g_reg[2]_i_676/O[3]
                         net (fo=4, routed)           0.875    18.129    u_vga_top/gen_obs[0].u_or/adx2_0[0]
    SLICE_X9Y77          LUT4 (Prop_lut4_I0_O)        0.142    18.271 r  u_vga_top/gen_obs[0].u_or/g[2]_i_519/O
                         net (fo=1, routed)           0.000    18.271    u_vga_top/gen_obs[0].u_or/g[2]_i_519_n_0
    SLICE_X9Y77          CARRY4 (Prop_carry4_S[0]_CO[3])
                                                      0.313    18.584 r  u_vga_top/gen_obs[0].u_or/g_reg[2]_i_310/CO[3]
                         net (fo=1, routed)           0.000    18.584    u_vga_top/gen_obs[0].u_or/g_reg[2]_i_310_n_0
    SLICE_X9Y78          CARRY4 (Prop_carry4_CI_CO[3])
                                                      0.058    18.642 f  u_vga_top/gen_obs[0].u_or/g_reg[2]_i_127/CO[3]
                         net (fo=1, routed)           0.963    19.604    u_vga_top/u_vgac/g[2]_i_23[0]
    SLICE_X5Y78          LUT6 (Prop_lut6_I5_O)        0.053    19.657 f  u_vga_top/u_vgac/g[2]_i_59/O
                         net (fo=3, routed)           1.310    20.967    u_game_logic/g[2]_i_11_0
    SLICE_X18Y71         LUT2 (Prop_lut2_I1_O)        0.053    21.020 f  u_game_logic/g[2]_i_23/O
                         net (fo=7, routed)           0.594    21.614    u_game_logic/ob_active_reg[6]_0[0]
    SLICE_X19Y70         LUT2 (Prop_lut2_I1_O)        0.068    21.682 f  u_game_logic/r[3]_i_74/O
                         net (fo=5, routed)           0.443    22.125    u_game_logic/ob_active_reg[1]_0
    SLICE_X17Y71         LUT6 (Prop_lut6_I2_O)        0.169    22.294 r  u_game_logic/r[2]_i_6/O
                         net (fo=1, routed)           2.401    24.696    u_vga_top/u_vgac/r_reg[2]_0
    SLICE_X17Y139        LUT6 (Prop_lut6_I4_O)        0.053    24.749 r  u_vga_top/u_vgac/r[2]_i_2/O
                         net (fo=1, routed)           1.104    25.853    u_vga_top/u_vgac/r[2]_i_2_n_0
    SLICE_X45Y143        LUT5 (Prop_lut5_I1_O)        0.053    25.906 r  u_vga_top/u_vgac/r[2]_i_1/O
                         net (fo=1, routed)           0.000    25.906    u_vga_top/u_vgac/vga_data[2]
    SLICE_X45Y143        FDRE                                         r  u_vga_top/u_vgac/r_reg[2]/D
  -------------------------------------------------------------------    -------------------

Slack:                    inf
  Source:                 u_vga_top/u_vgac/col_addr_reg[0]/C
                            (rising edge-triggered cell FDRE)
  Destination:            u_vga_top/u_vgac/g_reg[3]/D
  Path Group:             (none)
  Path Type:              Max at Slow Process Corner
  Data Path Delay:        25.807ns  (logic 5.428ns (21.033%)  route 20.379ns (78.967%))
  Logic Levels:           17  (CARRY4=4 DSP48E1=1 FDRE=1 LUT2=4 LUT3=1 LUT4=1 LUT5=2 LUT6=3)

    Location             Delay type                Incr(ns)  Path(ns)    Netlist Resource(s)
  -------------------------------------------------------------------    -------------------
    SLICE_X75Y142        FDRE                         0.000     0.000 r  u_vga_top/u_vgac/col_addr_reg[0]/C
    SLICE_X75Y142        FDRE (Prop_fdre_C_Q)         0.269     0.269 r  u_vga_top/u_vgac/col_addr_reg[0]/Q
                         net (fo=144, routed)         9.578     9.847    u_vga_top/u_vgac/sx_0[0]
    SLICE_X8Y77          LUT2 (Prop_lut2_I0_O)        0.053     9.900 r  u_vga_top/u_vgac/adx2_i_19__4/O
                         net (fo=1, routed)           0.000     9.900    u_vga_top/u_vgac/adx2_i_19__4_n_0
    SLICE_X8Y77          CARRY4 (Prop_carry4_S[0]_O[1])
                                                      0.271    10.171 r  u_vga_top/u_vgac/adx2_i_11__4/O[1]
                         net (fo=13, routed)          1.053    11.223    u_vga_top/u_vgac/col_addr_reg[3]_rep__0_15[0]
    SLICE_X5Y78          LUT5 (Prop_lut5_I2_O)        0.155    11.378 r  u_vga_top/u_vgac/adx2_i_15__4/O
                         net (fo=5, routed)           0.773    12.151    u_vga_top/u_vgac/adx2_i_15__4_n_0
    SLICE_X6Y76          LUT3 (Prop_lut3_I2_O)        0.053    12.204 r  u_vga_top/u_vgac/adx2_i_6__4/O
                         net (fo=3, routed)           0.682    12.886    u_vga_top/gen_obs[0].u_or/B[5]
    DSP48_X0Y31          DSP48E1 (Prop_dsp48e1_A[5]_P[0])
                                                      3.255    16.141 r  u_vga_top/gen_obs[0].u_or/adx2/P[0]
                         net (fo=2, routed)           0.703    16.844    u_vga_top/gen_obs[0].u_or/adx2_n_105
    SLICE_X11Y75         LUT2 (Prop_lut2_I0_O)        0.053    16.897 r  u_vga_top/gen_obs[0].u_or/g[2]_i_703/O
                         net (fo=1, routed)           0.000    16.897    u_vga_top/gen_obs[0].u_or/g[2]_i_703_n_0
    SLICE_X11Y75         CARRY4 (Prop_carry4_S[0]_O[3])
                                                      0.357    17.254 f  u_vga_top/gen_obs[0].u_or/g_reg[2]_i_676/O[3]
                         net (fo=4, routed)           0.875    18.129    u_vga_top/gen_obs[0].u_or/adx2_0[0]
    SLICE_X9Y77          LUT4 (Prop_lut4_I0_O)        0.142    18.271 r  u_vga_top/gen_obs[0].u_or/g[2]_i_519/O
                         net (fo=1, routed)           0.000    18.271    u_vga_top/gen_obs[0].u_or/g[2]_i_519_n_0
    SLICE_X9Y77          CARRY4 (Prop_carry4_S[0]_CO[3])
                                                      0.313    18.584 r  u_vga_top/gen_obs[0].u_or/g_reg[2]_i_310/CO[3]
                         net (fo=1, routed)           0.000    18.584    u_vga_top/gen_obs[0].u_or/g_reg[2]_i_310_n_0
    SLICE_X9Y78          CARRY4 (Prop_carry4_CI_CO[3])
                                                      0.058    18.642 f  u_vga_top/gen_obs[0].u_or/g_reg[2]_i_127/CO[3]
                         net (fo=1, routed)           0.963    19.604    u_vga_top/u_vgac/g[2]_i_23[0]
    SLICE_X5Y78          LUT6 (Prop_lut6_I5_O)        0.053    19.657 f  u_vga_top/u_vgac/g[2]_i_59/O
                         net (fo=3, routed)           1.310    20.967    u_game_logic/g[2]_i_11_0
    SLICE_X18Y71         LUT2 (Prop_lut2_I1_O)        0.053    21.020 f  u_game_logic/g[2]_i_23/O
                         net (fo=7, routed)           0.594    21.614    u_game_logic/ob_active_reg[6]_0[0]
    SLICE_X19Y70         LUT2 (Prop_lut2_I1_O)        0.068    21.682 f  u_game_logic/r[3]_i_74/O
                         net (fo=5, routed)           0.481    22.163    u_game_logic/ob_active_reg[1]_0
    SLICE_X17Y71         LUT6 (Prop_lut6_I2_O)        0.169    22.332 r  u_game_logic/g[3]_i_9/O
                         net (fo=1, routed)           2.596    24.928    u_vga_top/u_vgac/g_reg[3]_1
    SLICE_X18Y140        LUT6 (Prop_lut6_I3_O)        0.053    24.981 r  u_vga_top/u_vgac/g[3]_i_3/O
                         net (fo=1, routed)           0.772    25.754    u_vga_top/u_vgac/g[3]_i_3_n_0
    SLICE_X40Y142        LUT5 (Prop_lut5_I1_O)        0.053    25.807 r  u_vga_top/u_vgac/g[3]_i_1/O
                         net (fo=1, routed)           0.000    25.807    u_vga_top/u_vgac/vga_data[7]
    SLICE_X40Y142        FDRE                                         r  u_vga_top/u_vgac/g_reg[3]/D
  -------------------------------------------------------------------    -------------------

Slack:                    inf
  Source:                 u_vga_top/u_vgac/col_addr_reg[0]/C
                            (rising edge-triggered cell FDRE)
  Destination:            u_vga_top/u_vgac/b_reg[3]/D
  Path Group:             (none)
  Path Type:              Max at Slow Process Corner
  Data Path Delay:        25.731ns  (logic 5.428ns (21.095%)  route 20.303ns (78.905%))
  Logic Levels:           17  (CARRY4=4 DSP48E1=1 FDRE=1 LUT2=4 LUT3=1 LUT4=1 LUT5=2 LUT6=3)

    Location             Delay type                Incr(ns)  Path(ns)    Netlist Resource(s)
  -------------------------------------------------------------------    -------------------
    SLICE_X75Y142        FDRE                         0.000     0.000 r  u_vga_top/u_vgac/col_addr_reg[0]/C
    SLICE_X75Y142        FDRE (Prop_fdre_C_Q)         0.269     0.269 r  u_vga_top/u_vgac/col_addr_reg[0]/Q
                         net (fo=144, routed)         9.578     9.847    u_vga_top/u_vgac/sx_0[0]
    SLICE_X8Y77          LUT2 (Prop_lut2_I0_O)        0.053     9.900 r  u_vga_top/u_vgac/adx2_i_19__4/O
                         net (fo=1, routed)           0.000     9.900    u_vga_top/u_vgac/adx2_i_19__4_n_0
    SLICE_X8Y77          CARRY4 (Prop_carry4_S[0]_O[1])
                                                      0.271    10.171 r  u_vga_top/u_vgac/adx2_i_11__4/O[1]
                         net (fo=13, routed)          1.053    11.223    u_vga_top/u_vgac/col_addr_reg[3]_rep__0_15[0]
    SLICE_X5Y78          LUT5 (Prop_lut5_I2_O)        0.155    11.378 r  u_vga_top/u_vgac/adx2_i_15__4/O
                         net (fo=5, routed)           0.773    12.151    u_vga_top/u_vgac/adx2_i_15__4_n_0
    SLICE_X6Y76          LUT3 (Prop_lut3_I2_O)        0.053    12.204 r  u_vga_top/u_vgac/adx2_i_6__4/O
                         net (fo=3, routed)           0.682    12.886    u_vga_top/gen_obs[0].u_or/B[5]
    DSP48_X0Y31          DSP48E1 (Prop_dsp48e1_A[5]_P[0])
                                                      3.255    16.141 r  u_vga_top/gen_obs[0].u_or/adx2/P[0]
                         net (fo=2, routed)           0.703    16.844    u_vga_top/gen_obs[0].u_or/adx2_n_105
    SLICE_X11Y75         LUT2 (Prop_lut2_I0_O)        0.053    16.897 r  u_vga_top/gen_obs[0].u_or/g[2]_i_703/O
                         net (fo=1, routed)           0.000    16.897    u_vga_top/gen_obs[0].u_or/g[2]_i_703_n_0
    SLICE_X11Y75         CARRY4 (Prop_carry4_S[0]_O[3])
                                                      0.357    17.254 f  u_vga_top/gen_obs[0].u_or/g_reg[2]_i_676/O[3]
                         net (fo=4, routed)           0.875    18.129    u_vga_top/gen_obs[0].u_or/adx2_0[0]
    SLICE_X9Y77          LUT4 (Prop_lut4_I0_O)        0.142    18.271 r  u_vga_top/gen_obs[0].u_or/g[2]_i_519/O
                         net (fo=1, routed)           0.000    18.271    u_vga_top/gen_obs[0].u_or/g[2]_i_519_n_0
    SLICE_X9Y77          CARRY4 (Prop_carry4_S[0]_CO[3])
                                                      0.313    18.584 r  u_vga_top/gen_obs[0].u_or/g_reg[2]_i_310/CO[3]
                         net (fo=1, routed)           0.000    18.584    u_vga_top/gen_obs[0].u_or/g_reg[2]_i_310_n_0
    SLICE_X9Y78          CARRY4 (Prop_carry4_CI_CO[3])
                                                      0.058    18.642 f  u_vga_top/gen_obs[0].u_or/g_reg[2]_i_127/CO[3]
                         net (fo=1, routed)           0.963    19.604    u_vga_top/u_vgac/g[2]_i_23[0]
    SLICE_X5Y78          LUT6 (Prop_lut6_I5_O)        0.053    19.657 f  u_vga_top/u_vgac/g[2]_i_59/O
                         net (fo=3, routed)           1.310    20.967    u_game_logic/g[2]_i_11_0
    SLICE_X18Y71         LUT2 (Prop_lut2_I1_O)        0.053    21.020 f  u_game_logic/g[2]_i_23/O
                         net (fo=7, routed)           0.594    21.614    u_game_logic/ob_active_reg[6]_0[0]
    SLICE_X19Y70         LUT2 (Prop_lut2_I1_O)        0.068    21.682 f  u_game_logic/r[3]_i_74/O
                         net (fo=5, routed)           0.474    22.156    u_game_logic/ob_active_reg[1]_0
    SLICE_X17Y71         LUT6 (Prop_lut6_I2_O)        0.169    22.325 r  u_game_logic/b[3]_i_10/O
                         net (fo=1, routed)           2.150    24.475    u_vga_top/u_vgac/b_reg[3]_2
    SLICE_X16Y139        LUT6 (Prop_lut6_I2_O)        0.053    24.528 r  u_vga_top/u_vgac/b[3]_i_3/O
                         net (fo=1, routed)           1.150    25.678    u_vga_top/u_vgac/b[3]_i_3_n_0
    SLICE_X45Y143        LUT5 (Prop_lut5_I2_O)        0.053    25.731 r  u_vga_top/u_vgac/b[3]_i_1/O
                         net (fo=1, routed)           0.000    25.731    u_vga_top/u_vgac/vga_data[11]
    SLICE_X45Y143        FDRE                                         r  u_vga_top/u_vgac/b_reg[3]/D
  -------------------------------------------------------------------    -------------------

Slack:                    inf
  Source:                 u_vga_top/u_vgac/col_addr_reg[0]/C
                            (rising edge-triggered cell FDRE)
  Destination:            u_vga_top/u_vgac/g_reg[2]/D
  Path Group:             (none)
  Path Type:              Max at Slow Process Corner
  Data Path Delay:        25.568ns  (logic 5.297ns (20.717%)  route 20.271ns (79.283%))
  Logic Levels:           17  (CARRY4=4 DSP48E1=1 FDRE=1 LUT2=3 LUT3=1 LUT4=2 LUT5=2 LUT6=3)

    Location             Delay type                Incr(ns)  Path(ns)    Netlist Resource(s)
  -------------------------------------------------------------------    -------------------
    SLICE_X75Y142        FDRE                         0.000     0.000 r  u_vga_top/u_vgac/col_addr_reg[0]/C
    SLICE_X75Y142        FDRE (Prop_fdre_C_Q)         0.269     0.269 r  u_vga_top/u_vgac/col_addr_reg[0]/Q
                         net (fo=144, routed)         9.578     9.847    u_vga_top/u_vgac/sx_0[0]
    SLICE_X8Y77          LUT2 (Prop_lut2_I0_O)        0.053     9.900 r  u_vga_top/u_vgac/adx2_i_19__4/O
                         net (fo=1, routed)           0.000     9.900    u_vga_top/u_vgac/adx2_i_19__4_n_0
    SLICE_X8Y77          CARRY4 (Prop_carry4_S[0]_O[1])
                                                      0.271    10.171 r  u_vga_top/u_vgac/adx2_i_11__4/O[1]
                         net (fo=13, routed)          1.053    11.223    u_vga_top/u_vgac/col_addr_reg[3]_rep__0_15[0]
    SLICE_X5Y78          LUT5 (Prop_lut5_I2_O)        0.155    11.378 r  u_vga_top/u_vgac/adx2_i_15__4/O
                         net (fo=5, routed)           0.773    12.151    u_vga_top/u_vgac/adx2_i_15__4_n_0
    SLICE_X6Y76          LUT3 (Prop_lut3_I2_O)        0.053    12.204 r  u_vga_top/u_vgac/adx2_i_6__4/O
                         net (fo=3, routed)           0.682    12.886    u_vga_top/gen_obs[0].u_or/B[5]
    DSP48_X0Y31          DSP48E1 (Prop_dsp48e1_A[5]_P[0])
                                                      3.255    16.141 r  u_vga_top/gen_obs[0].u_or/adx2/P[0]
                         net (fo=2, routed)           0.703    16.844    u_vga_top/gen_obs[0].u_or/adx2_n_105
    SLICE_X11Y75         LUT2 (Prop_lut2_I0_O)        0.053    16.897 r  u_vga_top/gen_obs[0].u_or/g[2]_i_703/O
                         net (fo=1, routed)           0.000    16.897    u_vga_top/gen_obs[0].u_or/g[2]_i_703_n_0
    SLICE_X11Y75         CARRY4 (Prop_carry4_S[0]_O[3])
                                                      0.357    17.254 f  u_vga_top/gen_obs[0].u_or/g_reg[2]_i_676/O[3]
                         net (fo=4, routed)           0.875    18.129    u_vga_top/gen_obs[0].u_or/adx2_0[0]
    SLICE_X9Y77          LUT4 (Prop_lut4_I0_O)        0.142    18.271 r  u_vga_top/gen_obs[0].u_or/g[2]_i_519/O
                         net (fo=1, routed)           0.000    18.271    u_vga_top/gen_obs[0].u_or/g[2]_i_519_n_0
    SLICE_X9Y77          CARRY4 (Prop_carry4_S[0]_CO[3])
                                                      0.313    18.584 r  u_vga_top/gen_obs[0].u_or/g_reg[2]_i_310/CO[3]
                         net (fo=1, routed)           0.000    18.584    u_vga_top/gen_obs[0].u_or/g_reg[2]_i_310_n_0
    SLICE_X9Y78          CARRY4 (Prop_carry4_CI_CO[3])
                                                      0.058    18.642 r  u_vga_top/gen_obs[0].u_or/g_reg[2]_i_127/CO[3]
                         net (fo=1, routed)           0.963    19.604    u_vga_top/u_vgac/g[2]_i_23[0]
    SLICE_X5Y78          LUT6 (Prop_lut6_I5_O)        0.053    19.657 r  u_vga_top/u_vgac/g[2]_i_59/O
                         net (fo=3, routed)           1.310    20.967    u_game_logic/g[2]_i_11_0
    SLICE_X18Y71         LUT2 (Prop_lut2_I1_O)        0.053    21.020 r  u_game_logic/g[2]_i_23/O
                         net (fo=7, routed)           0.594    21.614    u_game_logic/ob_active_reg[6]_0[0]
    SLICE_X19Y70         LUT4 (Prop_lut4_I1_O)        0.053    21.667 r  u_game_logic/r[3]_i_58/O
                         net (fo=1, routed)           0.239    21.906    u_game_logic/r[3]_i_58_n_0
    SLICE_X16Y70         LUT6 (Prop_lut6_I2_O)        0.053    21.959 r  u_game_logic/r[3]_i_14/O
                         net (fo=8, routed)           2.537    24.495    u_vga_top/u_vgac/hit_ob_any
    SLICE_X18Y140        LUT6 (Prop_lut6_I4_O)        0.053    24.548 r  u_vga_top/u_vgac/g[2]_i_4/O
                         net (fo=1, routed)           0.967    25.515    u_vga_top/u_vgac/g[2]_i_4_n_0
    SLICE_X40Y143        LUT5 (Prop_lut5_I2_O)        0.053    25.568 r  u_vga_top/u_vgac/g[2]_i_1/O
                         net (fo=1, routed)           0.000    25.568    u_vga_top/u_vgac/vga_data[6]
    SLICE_X40Y143        FDRE                                         r  u_vga_top/u_vgac/g_reg[2]/D
  -------------------------------------------------------------------    -------------------





Min Delay Paths
--------------------------------------------------------------------------------------
Slack:                    inf
  Source:                 u_vga_top/u_vgac/v_count_reg[4]/C
                            (rising edge-triggered cell FDCE)
  Destination:            u_vga_top/u_vgac/v_count_reg[8]/D
  Path Group:             (none)
  Path Type:              Min at Fast Process Corner
  Data Path Delay:        0.214ns  (logic 0.128ns (59.820%)  route 0.086ns (40.180%))
  Logic Levels:           2  (FDCE=1 LUT6=1)

    Location             Delay type                Incr(ns)  Path(ns)    Netlist Resource(s)
  -------------------------------------------------------------------    -------------------
    SLICE_X71Y144        FDCE                         0.000     0.000 r  u_vga_top/u_vgac/v_count_reg[4]/C
    SLICE_X71Y144        FDCE (Prop_fdce_C_Q)         0.100     0.100 r  u_vga_top/u_vgac/v_count_reg[4]/Q
                         net (fo=10, routed)          0.086     0.186    u_vga_top/u_vgac/v_count_reg_n_0_[4]
    SLICE_X70Y144        LUT6 (Prop_lut6_I2_O)        0.028     0.214 r  u_vga_top/u_vgac/v_count[8]_i_1/O
                         net (fo=1, routed)           0.000     0.214    u_vga_top/u_vgac/v_count[8]_i_1_n_0
    SLICE_X70Y144        FDCE                                         r  u_vga_top/u_vgac/v_count_reg[8]/D
  -------------------------------------------------------------------    -------------------

Slack:                    inf
  Source:                 u_seg7/U2/shift_reg[16]/C
                            (rising edge-triggered cell FDSE)
  Destination:            u_seg7/U2/shift_reg[17]/D
  Path Group:             (none)
  Path Type:              Min at Fast Process Corner
  Data Path Delay:        0.218ns  (logic 0.100ns (45.769%)  route 0.118ns (54.231%))
  Logic Levels:           1  (FDSE=1)

    Location             Delay type                Incr(ns)  Path(ns)    Netlist Resource(s)
  -------------------------------------------------------------------    -------------------
    SLICE_X59Y153        FDSE                         0.000     0.000 r  u_seg7/U2/shift_reg[16]/C
    SLICE_X59Y153        FDSE (Prop_fdse_C_Q)         0.100     0.100 r  u_seg7/U2/shift_reg[16]/Q
                         net (fo=3, routed)           0.118     0.218    u_seg7/U2/shift_reg_n_0_[16]
    SLICE_X60Y154        FDRE                                         r  u_seg7/U2/shift_reg[17]/D
  -------------------------------------------------------------------    -------------------

Slack:                    inf
  Source:                 u_seg7/U2/shift_reg[56]/C
                            (rising edge-triggered cell FDSE)
  Destination:            u_seg7/U2/shift_reg[57]/D
  Path Group:             (none)
  Path Type:              Min at Fast Process Corner
  Data Path Delay:        0.220ns  (logic 0.128ns (58.297%)  route 0.092ns (41.703%))
  Logic Levels:           2  (FDSE=1 LUT6=1)

    Location             Delay type                Incr(ns)  Path(ns)    Netlist Resource(s)
  -------------------------------------------------------------------    -------------------
    SLICE_X51Y152        FDSE                         0.000     0.000 r  u_seg7/U2/shift_reg[56]/C
    SLICE_X51Y152        FDSE (Prop_fdse_C_Q)         0.100     0.100 r  u_seg7/U2/shift_reg[56]/Q
                         net (fo=2, routed)           0.092     0.192    u_seg7/U2/shift_reg_n_0_[56]
    SLICE_X50Y152        LUT6 (Prop_lut6_I0_O)        0.028     0.220 r  u_seg7/U2/shift[57]_i_1/O
                         net (fo=1, routed)           0.000     0.220    u_seg7/U2/shift[57]_i_1_n_0
    SLICE_X50Y152        FDRE                                         r  u_seg7/U2/shift_reg[57]/D
  -------------------------------------------------------------------    -------------------

Slack:                    inf
  Source:                 u_seg7/U2/shift_reg[22]/C
                            (rising edge-triggered cell FDRE)
  Destination:            u_seg7/U2/shift_reg[23]/D
  Path Group:             (none)
  Path Type:              Min at Fast Process Corner
  Data Path Delay:        0.220ns  (logic 0.100ns (45.377%)  route 0.120ns (54.623%))
  Logic Levels:           1  (FDRE=1)

    Location             Delay type                Incr(ns)  Path(ns)    Netlist Resource(s)
  -------------------------------------------------------------------    -------------------
    SLICE_X56Y152        FDRE                         0.000     0.000 r  u_seg7/U2/shift_reg[22]/C
    SLICE_X56Y152        FDRE (Prop_fdre_C_Q)         0.100     0.100 r  u_seg7/U2/shift_reg[22]/Q
                         net (fo=3, routed)           0.120     0.220    u_seg7/U2/shift_reg_n_0_[22]
    SLICE_X57Y152        FDSE                                         r  u_seg7/U2/shift_reg[23]/D
  -------------------------------------------------------------------    -------------------

Slack:                    inf
  Source:                 u_led/shift_reg[8]/C
                            (rising edge-triggered cell FDRE)
  Destination:            u_led/shift_reg[9]/D
  Path Group:             (none)
  Path Type:              Min at Fast Process Corner
  Data Path Delay:        0.226ns  (logic 0.118ns (52.183%)  route 0.108ns (47.817%))
  Logic Levels:           1  (FDRE=1)

    Location             Delay type                Incr(ns)  Path(ns)    Netlist Resource(s)
  -------------------------------------------------------------------    -------------------
    SLICE_X44Y152        FDRE                         0.000     0.000 r  u_led/shift_reg[8]/C
    SLICE_X44Y152        FDRE (Prop_fdre_C_Q)         0.118     0.118 r  u_led/shift_reg[8]/Q
                         net (fo=2, routed)           0.108     0.226    u_led/shift_reg_n_0_[8]
    SLICE_X44Y153        FDRE                                         r  u_led/shift_reg[9]/D
  -------------------------------------------------------------------    -------------------

Slack:                    inf
  Source:                 u_vga_top/u_vgac/v_count_reg[1]/C
                            (rising edge-triggered cell FDCE)
  Destination:            u_vga_top/u_vgac/v_count_reg[2]/D
  Path Group:             (none)
  Path Type:              Min at Fast Process Corner
  Data Path Delay:        0.231ns  (logic 0.157ns (67.961%)  route 0.074ns (32.039%))
  Logic Levels:           2  (FDCE=1 LUT6=1)

    Location             Delay type                Incr(ns)  Path(ns)    Netlist Resource(s)
  -------------------------------------------------------------------    -------------------
    SLICE_X71Y144        FDCE                         0.000     0.000 r  u_vga_top/u_vgac/v_count_reg[1]/C
    SLICE_X71Y144        FDCE (Prop_fdce_C_Q)         0.091     0.091 r  u_vga_top/u_vgac/v_count_reg[1]/Q
                         net (fo=15, routed)          0.074     0.165    u_vga_top/u_vgac/v_count_reg_n_0_[1]
    SLICE_X71Y144        LUT6 (Prop_lut6_I4_O)        0.066     0.231 r  u_vga_top/u_vgac/v_count[2]_i_1/O
                         net (fo=1, routed)           0.000     0.231    u_vga_top/u_vgac/v_count[2]_i_1_n_0
    SLICE_X71Y144        FDCE                                         r  u_vga_top/u_vgac/v_count_reg[2]/D
  -------------------------------------------------------------------    -------------------

Slack:                    inf
  Source:                 u_vga_top/u_vgac/h_count_reg[7]/C
                            (rising edge-triggered cell FDRE)
  Destination:            u_vga_top/u_vgac/hs_reg/D
  Path Group:             (none)
  Path Type:              Min at Fast Process Corner
  Data Path Delay:        0.235ns  (logic 0.128ns (54.558%)  route 0.107ns (45.442%))
  Logic Levels:           2  (FDRE=1 LUT5=1)

    Location             Delay type                Incr(ns)  Path(ns)    Netlist Resource(s)
  -------------------------------------------------------------------    -------------------
    SLICE_X75Y143        FDRE                         0.000     0.000 r  u_vga_top/u_vgac/h_count_reg[7]/C
    SLICE_X75Y143        FDRE (Prop_fdre_C_Q)         0.100     0.100 r  u_vga_top/u_vgac/h_count_reg[7]/Q
                         net (fo=9, routed)           0.107     0.207    u_vga_top/u_vgac/h_count_reg[7]
    SLICE_X74Y143        LUT5 (Prop_lut5_I0_O)        0.028     0.235 r  u_vga_top/u_vgac/hs_i_1/O
                         net (fo=1, routed)           0.000     0.235    u_vga_top/u_vgac/h_sync
    SLICE_X74Y143        FDRE                                         r  u_vga_top/u_vgac/hs_reg/D
  -------------------------------------------------------------------    -------------------

Slack:                    inf
  Source:                 u_led/shift_reg[9]/C
                            (rising edge-triggered cell FDRE)
  Destination:            u_led/shift_reg[10]/D
  Path Group:             (none)
  Path Type:              Min at Fast Process Corner
  Data Path Delay:        0.237ns  (logic 0.118ns (49.876%)  route 0.119ns (50.124%))
  Logic Levels:           1  (FDRE=1)

    Location             Delay type                Incr(ns)  Path(ns)    Netlist Resource(s)
  -------------------------------------------------------------------    -------------------
    SLICE_X44Y153        FDRE                         0.000     0.000 r  u_led/shift_reg[9]/C
    SLICE_X44Y153        FDRE (Prop_fdre_C_Q)         0.118     0.118 r  u_led/shift_reg[9]/Q
                         net (fo=2, routed)           0.119     0.237    u_led/shift_reg_n_0_[9]
    SLICE_X44Y153        FDRE                                         r  u_led/shift_reg[10]/D
  -------------------------------------------------------------------    -------------------

Slack:                    inf
  Source:                 u_seg7/U2/shift_reg[63]/C
                            (rising edge-triggered cell FDRE)
  Destination:            u_seg7/U2/shift_reg[64]/D
  Path Group:             (none)
  Path Type:              Min at Fast Process Corner
  Data Path Delay:        0.238ns  (logic 0.118ns (49.507%)  route 0.120ns (50.493%))
  Logic Levels:           1  (FDRE=1)

    Location             Delay type                Incr(ns)  Path(ns)    Netlist Resource(s)
  -------------------------------------------------------------------    -------------------
    SLICE_X50Y150        FDRE                         0.000     0.000 r  u_seg7/U2/shift_reg[63]/C
    SLICE_X50Y150        FDRE (Prop_fdre_C_Q)         0.118     0.118 r  u_seg7/U2/shift_reg[63]/Q
                         net (fo=2, routed)           0.120     0.238    u_seg7/U2/shift_reg_n_0_[63]
    SLICE_X51Y150        FDSE                                         r  u_seg7/U2/shift_reg[64]/D
  -------------------------------------------------------------------    -------------------

Slack:                    inf
  Source:                 gb[0].u/cnt_reg[0]/C
                            (rising edge-triggered cell FDRE)
  Destination:            gb[0].u/O_reg/D
  Path Group:             (none)
  Path Type:              Min at Fast Process Corner
  Data Path Delay:        0.241ns  (logic 0.128ns (53.037%)  route 0.113ns (46.963%))
  Logic Levels:           2  (FDRE=1 LUT6=1)

    Location             Delay type                Incr(ns)  Path(ns)    Netlist Resource(s)
  -------------------------------------------------------------------    -------------------
    SLICE_X79Y120        FDRE                         0.000     0.000 r  gb[0].u/cnt_reg[0]/C
    SLICE_X79Y120        FDRE (Prop_fdre_C_Q)         0.100     0.100 r  gb[0].u/cnt_reg[0]/Q
                         net (fo=6, routed)           0.113     0.213    gb[0].u/cnt_reg[0]
    SLICE_X78Y120        LUT6 (Prop_lut6_I2_O)        0.028     0.241 r  gb[0].u/O_i_1__15/O
                         net (fo=1, routed)           0.000     0.241    gb[0].u/O_i_1__15_n_0
    SLICE_X78Y120        FDRE                                         r  gb[0].u/O_reg/D
  -------------------------------------------------------------------    -------------------





--------------------------------------------------------------------------------------
Path Group:  (none)
From Clock:  clk100MHZ
  To Clock:  

Max Delay            63 Endpoints
Min Delay            63 Endpoints
--------------------------------------------------------------------------------------


Max Delay Paths
--------------------------------------------------------------------------------------
Slack:                    inf
  Source:                 u_game_logic/ob_y_reg[38]/C
                            (rising edge-triggered cell FDCE clocked by clk100MHZ  {rise@0.000ns fall@5.000ns period=10.000ns})
  Destination:            u_vga_top/u_vgac/g_reg[1]/D
  Path Group:             (none)
  Path Type:              Max at Slow Process Corner
  Data Path Delay:        18.527ns  (logic 5.849ns (31.570%)  route 12.678ns (68.430%))
  Logic Levels:           18  (CARRY4=5 DSP48E1=1 LUT2=4 LUT4=1 LUT5=3 LUT6=4)
  Clock Uncertainty:      0.025ns  ((TSJ^2 + TIJ^2)^1/2 + DJ) / 2 + PE
    Total System Jitter     (TSJ):    0.050ns
    Total Input Jitter      (TIJ):    0.000ns
    Discrete Jitter          (DJ):    0.000ns
    Phase Error              (PE):    0.000ns

    Location             Delay type                Incr(ns)  Path(ns)    Netlist Resource(s)
  -------------------------------------------------------------------    -------------------
                         (clock clk100MHZ rise edge)
                                                      0.000     0.000 r  
    AC18                                              0.000     0.000 r  clk (IN)
                         net (fo=0)                   0.000     0.000    clk
    AC18                 IBUF (Prop_ibuf_I_O)         0.745     0.745 r  clk_IBUF_inst/O
                         net (fo=1, routed)           2.564     3.309    clk_IBUF
    BUFGCTRL_X0Y0        BUFG (Prop_bufg_I_O)         0.120     3.429 r  clk_IBUF_BUFG_inst/O
                         net (fo=2995, routed)        1.591     5.020    u_game_logic/clk_IBUF_BUFG
    SLICE_X26Y67         FDCE                                         r  u_game_logic/ob_y_reg[38]/C
  -------------------------------------------------------------------    -------------------
    SLICE_X26Y67         FDCE (Prop_fdce_C_Q)         0.269     5.289 r  u_game_logic/ob_y_reg[38]/Q
                         net (fo=1, routed)           0.777     6.066    u_vga_top/u_vgac/ady2_i_13_0[38]
    SLICE_X20Y67         LUT2 (Prop_lut2_I1_O)        0.053     6.119 r  u_vga_top/u_vgac/ady2_i_16__6/O
                         net (fo=1, routed)           0.000     6.119    u_vga_top/u_vgac/ady2_i_16__6_n_0
    SLICE_X20Y67         CARRY4 (Prop_carry4_S[2]_CO[3])
                                                      0.219     6.338 r  u_vga_top/u_vgac/ady2_i_10__6/CO[3]
                         net (fo=1, routed)           0.000     6.338    u_vga_top/u_vgac/ady2_i_10__6_n_0
    SLICE_X20Y68         CARRY4 (Prop_carry4_CI_O[1])
                                                      0.212     6.550 f  u_vga_top/u_vgac/ady2_i_11__6/O[1]
                         net (fo=6, routed)           0.791     7.341    u_vga_top/u_vgac/gen_obs[4].u_or/dy__0[5]
    SLICE_X18Y66         LUT6 (Prop_lut6_I0_O)        0.155     7.496 r  u_vga_top/u_vgac/ady2_i_12__13/O
                         net (fo=8, routed)           1.136     8.632    u_vga_top/u_vgac/ady2_i_12__13_n_0
    SLICE_X23Y66         LUT5 (Prop_lut5_I1_O)        0.064     8.696 r  u_vga_top/u_vgac/ady2_i_1__6/O
                         net (fo=4, routed)           0.671     9.367    u_vga_top/gen_obs[4].u_or/A[9]
    DSP48_X0Y26          DSP48E1 (Prop_dsp48e1_A[9]_P[0])
                                                      3.372    12.739 r  u_vga_top/gen_obs[4].u_or/ady2/P[0]
                         net (fo=1, routed)           0.828    13.567    u_vga_top/gen_obs[4].u_or/ady2_n_105
    SLICE_X19Y65         LUT2 (Prop_lut2_I1_O)        0.053    13.620 r  u_vga_top/gen_obs[4].u_or/r[3]_i_1691/O
                         net (fo=1, routed)           0.000    13.620    u_vga_top/gen_obs[4].u_or/r[3]_i_1691_n_0
    SLICE_X19Y65         CARRY4 (Prop_carry4_S[0]_O[1])
                                                      0.271    13.891 f  u_vga_top/gen_obs[4].u_or/r_reg[3]_i_1084/O[1]
                         net (fo=3, routed)           0.774    14.665    u_vga_top/gen_obs[4].u_or/dsq[1]
    SLICE_X13Y67         LUT2 (Prop_lut2_I0_O)        0.152    14.817 r  u_vga_top/gen_obs[4].u_or/r[3]_i_581/O
                         net (fo=1, routed)           0.353    15.170    u_vga_top/gen_obs[4].u_or/r[3]_i_581_n_0
    SLICE_X17Y67         CARRY4 (Prop_carry4_CYINIT_CO[3])
                                                      0.346    15.516 r  u_vga_top/gen_obs[4].u_or/r_reg[3]_i_319/CO[3]
                         net (fo=1, routed)           0.000    15.516    u_vga_top/gen_obs[4].u_or/r_reg[3]_i_319_n_0
    SLICE_X17Y68         CARRY4 (Prop_carry4_CI_CO[3])
                                                      0.058    15.574 r  u_vga_top/gen_obs[4].u_or/r_reg[3]_i_152/CO[3]
                         net (fo=1, routed)           0.840    16.415    u_vga_top/u_vgac/r[3]_i_14[0]
    SLICE_X23Y67         LUT6 (Prop_lut6_I5_O)        0.053    16.468 r  u_vga_top/u_vgac/r[3]_i_57/O
                         net (fo=8, routed)           1.178    17.646    u_game_logic/r[1]_i_4
    SLICE_X16Y70         LUT2 (Prop_lut2_I1_O)        0.053    17.699 r  u_game_logic/r[3]_i_185/O
                         net (fo=7, routed)           0.708    18.407    u_game_logic/ob_active_reg[6]_0[4]
    SLICE_X19Y70         LUT5 (Prop_lut5_I2_O)        0.063    18.470 r  u_game_logic/r[3]_i_72/O
                         net (fo=6, routed)           0.465    18.935    u_vga_top/u_vgac/g[2]_i_11_1
    SLICE_X18Y70         LUT6 (Prop_lut6_I0_O)        0.170    19.105 r  u_vga_top/u_vgac/r[1]_i_13/O
                         net (fo=1, routed)           2.477    21.582    u_vga_top/u_vgac/r[1]_i_13_n_0
    SLICE_X19Y140        LUT4 (Prop_lut4_I1_O)        0.063    21.645 r  u_vga_top/u_vgac/r[1]_i_6/O
                         net (fo=6, routed)           0.654    22.299    u_vga_top/u_vgac/ob_active_reg[4]
    SLICE_X18Y141        LUT6 (Prop_lut6_I1_O)        0.170    22.469 r  u_vga_top/u_vgac/g[1]_i_2/O
                         net (fo=1, routed)           1.025    23.495    u_vga_top/u_vgac/g[1]_i_2_n_0
    SLICE_X39Y142        LUT5 (Prop_lut5_I1_O)        0.053    23.548 r  u_vga_top/u_vgac/g[1]_i_1/O
                         net (fo=1, routed)           0.000    23.548    u_vga_top/u_vgac/vga_data[5]
    SLICE_X39Y142        FDRE                                         r  u_vga_top/u_vgac/g_reg[1]/D
  -------------------------------------------------------------------    -------------------

Slack:                    inf
  Source:                 u_game_logic/ob_y_reg[38]/C
                            (rising edge-triggered cell FDCE clocked by clk100MHZ  {rise@0.000ns fall@5.000ns period=10.000ns})
  Destination:            u_vga_top/u_vgac/b_reg[0]/D
  Path Group:             (none)
  Path Type:              Max at Slow Process Corner
  Data Path Delay:        18.507ns  (logic 5.849ns (31.604%)  route 12.658ns (68.396%))
  Logic Levels:           18  (CARRY4=5 DSP48E1=1 LUT2=4 LUT4=1 LUT5=3 LUT6=4)
  Clock Uncertainty:      0.025ns  ((TSJ^2 + TIJ^2)^1/2 + DJ) / 2 + PE
    Total System Jitter     (TSJ):    0.050ns
    Total Input Jitter      (TIJ):    0.000ns
    Discrete Jitter          (DJ):    0.000ns
    Phase Error              (PE):    0.000ns

    Location             Delay type                Incr(ns)  Path(ns)    Netlist Resource(s)
  -------------------------------------------------------------------    -------------------
                         (clock clk100MHZ rise edge)
                                                      0.000     0.000 r  
    AC18                                              0.000     0.000 r  clk (IN)
                         net (fo=0)                   0.000     0.000    clk
    AC18                 IBUF (Prop_ibuf_I_O)         0.745     0.745 r  clk_IBUF_inst/O
                         net (fo=1, routed)           2.564     3.309    clk_IBUF
    BUFGCTRL_X0Y0        BUFG (Prop_bufg_I_O)         0.120     3.429 r  clk_IBUF_BUFG_inst/O
                         net (fo=2995, routed)        1.591     5.020    u_game_logic/clk_IBUF_BUFG
    SLICE_X26Y67         FDCE                                         r  u_game_logic/ob_y_reg[38]/C
  -------------------------------------------------------------------    -------------------
    SLICE_X26Y67         FDCE (Prop_fdce_C_Q)         0.269     5.289 r  u_game_logic/ob_y_reg[38]/Q
                         net (fo=1, routed)           0.777     6.066    u_vga_top/u_vgac/ady2_i_13_0[38]
    SLICE_X20Y67         LUT2 (Prop_lut2_I1_O)        0.053     6.119 r  u_vga_top/u_vgac/ady2_i_16__6/O
                         net (fo=1, routed)           0.000     6.119    u_vga_top/u_vgac/ady2_i_16__6_n_0
    SLICE_X20Y67         CARRY4 (Prop_carry4_S[2]_CO[3])
                                                      0.219     6.338 r  u_vga_top/u_vgac/ady2_i_10__6/CO[3]
                         net (fo=1, routed)           0.000     6.338    u_vga_top/u_vgac/ady2_i_10__6_n_0
    SLICE_X20Y68         CARRY4 (Prop_carry4_CI_O[1])
                                                      0.212     6.550 f  u_vga_top/u_vgac/ady2_i_11__6/O[1]
                         net (fo=6, routed)           0.791     7.341    u_vga_top/u_vgac/gen_obs[4].u_or/dy__0[5]
    SLICE_X18Y66         LUT6 (Prop_lut6_I0_O)        0.155     7.496 r  u_vga_top/u_vgac/ady2_i_12__13/O
                         net (fo=8, routed)           1.136     8.632    u_vga_top/u_vgac/ady2_i_12__13_n_0
    SLICE_X23Y66         LUT5 (Prop_lut5_I1_O)        0.064     8.696 r  u_vga_top/u_vgac/ady2_i_1__6/O
                         net (fo=4, routed)           0.671     9.367    u_vga_top/gen_obs[4].u_or/A[9]
    DSP48_X0Y26          DSP48E1 (Prop_dsp48e1_A[9]_P[0])
                                                      3.372    12.739 r  u_vga_top/gen_obs[4].u_or/ady2/P[0]
                         net (fo=1, routed)           0.828    13.567    u_vga_top/gen_obs[4].u_or/ady2_n_105
    SLICE_X19Y65         LUT2 (Prop_lut2_I1_O)        0.053    13.620 r  u_vga_top/gen_obs[4].u_or/r[3]_i_1691/O
                         net (fo=1, routed)           0.000    13.620    u_vga_top/gen_obs[4].u_or/r[3]_i_1691_n_0
    SLICE_X19Y65         CARRY4 (Prop_carry4_S[0]_O[1])
                                                      0.271    13.891 f  u_vga_top/gen_obs[4].u_or/r_reg[3]_i_1084/O[1]
                         net (fo=3, routed)           0.774    14.665    u_vga_top/gen_obs[4].u_or/dsq[1]
    SLICE_X13Y67         LUT2 (Prop_lut2_I0_O)        0.152    14.817 r  u_vga_top/gen_obs[4].u_or/r[3]_i_581/O
                         net (fo=1, routed)           0.353    15.170    u_vga_top/gen_obs[4].u_or/r[3]_i_581_n_0
    SLICE_X17Y67         CARRY4 (Prop_carry4_CYINIT_CO[3])
                                                      0.346    15.516 r  u_vga_top/gen_obs[4].u_or/r_reg[3]_i_319/CO[3]
                         net (fo=1, routed)           0.000    15.516    u_vga_top/gen_obs[4].u_or/r_reg[3]_i_319_n_0
    SLICE_X17Y68         CARRY4 (Prop_carry4_CI_CO[3])
                                                      0.058    15.574 r  u_vga_top/gen_obs[4].u_or/r_reg[3]_i_152/CO[3]
                         net (fo=1, routed)           0.840    16.415    u_vga_top/u_vgac/r[3]_i_14[0]
    SLICE_X23Y67         LUT6 (Prop_lut6_I5_O)        0.053    16.468 r  u_vga_top/u_vgac/r[3]_i_57/O
                         net (fo=8, routed)           1.178    17.646    u_game_logic/r[1]_i_4
    SLICE_X16Y70         LUT2 (Prop_lut2_I1_O)        0.053    17.699 r  u_game_logic/r[3]_i_185/O
                         net (fo=7, routed)           0.708    18.407    u_game_logic/ob_active_reg[6]_0[4]
    SLICE_X19Y70         LUT5 (Prop_lut5_I2_O)        0.063    18.470 r  u_game_logic/r[3]_i_72/O
                         net (fo=6, routed)           0.465    18.935    u_vga_top/u_vgac/g[2]_i_11_1
    SLICE_X18Y70         LUT6 (Prop_lut6_I0_O)        0.170    19.105 r  u_vga_top/u_vgac/r[1]_i_13/O
                         net (fo=1, routed)           2.477    21.582    u_vga_top/u_vgac/r[1]_i_13_n_0
    SLICE_X19Y140        LUT4 (Prop_lut4_I1_O)        0.063    21.645 r  u_vga_top/u_vgac/r[1]_i_6/O
                         net (fo=6, routed)           0.632    22.277    u_vga_top/gen_enemy[2].u_er/b_reg[0]_1
    SLICE_X18Y140        LUT6 (Prop_lut6_I4_O)        0.170    22.447 r  u_vga_top/gen_enemy[2].u_er/b[0]_i_2/O
                         net (fo=1, routed)           1.027    23.474    u_vga_top/u_vgac/b_reg[0]_1
    SLICE_X39Y142        LUT5 (Prop_lut5_I2_O)        0.053    23.527 r  u_vga_top/u_vgac/b[0]_i_1/O
                         net (fo=1, routed)           0.000    23.527    u_vga_top/u_vgac/vga_data[8]
    SLICE_X39Y142        FDRE                                         r  u_vga_top/u_vgac/b_reg[0]/D
  -------------------------------------------------------------------    -------------------

Slack:                    inf
  Source:                 u_game_logic/ob_y_reg[38]/C
                            (rising edge-triggered cell FDCE clocked by clk100MHZ  {rise@0.000ns fall@5.000ns period=10.000ns})
  Destination:            u_vga_top/u_vgac/r_reg[0]/D
  Path Group:             (none)
  Path Type:              Max at Slow Process Corner
  Data Path Delay:        18.482ns  (logic 5.849ns (31.648%)  route 12.633ns (68.352%))
  Logic Levels:           18  (CARRY4=5 DSP48E1=1 LUT2=4 LUT4=1 LUT5=3 LUT6=4)
  Clock Uncertainty:      0.025ns  ((TSJ^2 + TIJ^2)^1/2 + DJ) / 2 + PE
    Total System Jitter     (TSJ):    0.050ns
    Total Input Jitter      (TIJ):    0.000ns
    Discrete Jitter          (DJ):    0.000ns
    Phase Error              (PE):    0.000ns

    Location             Delay type                Incr(ns)  Path(ns)    Netlist Resource(s)
  -------------------------------------------------------------------    -------------------
                         (clock clk100MHZ rise edge)
                                                      0.000     0.000 r  
    AC18                                              0.000     0.000 r  clk (IN)
                         net (fo=0)                   0.000     0.000    clk
    AC18                 IBUF (Prop_ibuf_I_O)         0.745     0.745 r  clk_IBUF_inst/O
                         net (fo=1, routed)           2.564     3.309    clk_IBUF
    BUFGCTRL_X0Y0        BUFG (Prop_bufg_I_O)         0.120     3.429 r  clk_IBUF_BUFG_inst/O
                         net (fo=2995, routed)        1.591     5.020    u_game_logic/clk_IBUF_BUFG
    SLICE_X26Y67         FDCE                                         r  u_game_logic/ob_y_reg[38]/C
  -------------------------------------------------------------------    -------------------
    SLICE_X26Y67         FDCE (Prop_fdce_C_Q)         0.269     5.289 r  u_game_logic/ob_y_reg[38]/Q
                         net (fo=1, routed)           0.777     6.066    u_vga_top/u_vgac/ady2_i_13_0[38]
    SLICE_X20Y67         LUT2 (Prop_lut2_I1_O)        0.053     6.119 r  u_vga_top/u_vgac/ady2_i_16__6/O
                         net (fo=1, routed)           0.000     6.119    u_vga_top/u_vgac/ady2_i_16__6_n_0
    SLICE_X20Y67         CARRY4 (Prop_carry4_S[2]_CO[3])
                                                      0.219     6.338 r  u_vga_top/u_vgac/ady2_i_10__6/CO[3]
                         net (fo=1, routed)           0.000     6.338    u_vga_top/u_vgac/ady2_i_10__6_n_0
    SLICE_X20Y68         CARRY4 (Prop_carry4_CI_O[1])
                                                      0.212     6.550 f  u_vga_top/u_vgac/ady2_i_11__6/O[1]
                         net (fo=6, routed)           0.791     7.341    u_vga_top/u_vgac/gen_obs[4].u_or/dy__0[5]
    SLICE_X18Y66         LUT6 (Prop_lut6_I0_O)        0.155     7.496 r  u_vga_top/u_vgac/ady2_i_12__13/O
                         net (fo=8, routed)           1.136     8.632    u_vga_top/u_vgac/ady2_i_12__13_n_0
    SLICE_X23Y66         LUT5 (Prop_lut5_I1_O)        0.064     8.696 r  u_vga_top/u_vgac/ady2_i_1__6/O
                         net (fo=4, routed)           0.671     9.367    u_vga_top/gen_obs[4].u_or/A[9]
    DSP48_X0Y26          DSP48E1 (Prop_dsp48e1_A[9]_P[0])
                                                      3.372    12.739 r  u_vga_top/gen_obs[4].u_or/ady2/P[0]
                         net (fo=1, routed)           0.828    13.567    u_vga_top/gen_obs[4].u_or/ady2_n_105
    SLICE_X19Y65         LUT2 (Prop_lut2_I1_O)        0.053    13.620 r  u_vga_top/gen_obs[4].u_or/r[3]_i_1691/O
                         net (fo=1, routed)           0.000    13.620    u_vga_top/gen_obs[4].u_or/r[3]_i_1691_n_0
    SLICE_X19Y65         CARRY4 (Prop_carry4_S[0]_O[1])
                                                      0.271    13.891 f  u_vga_top/gen_obs[4].u_or/r_reg[3]_i_1084/O[1]
                         net (fo=3, routed)           0.774    14.665    u_vga_top/gen_obs[4].u_or/dsq[1]
    SLICE_X13Y67         LUT2 (Prop_lut2_I0_O)        0.152    14.817 r  u_vga_top/gen_obs[4].u_or/r[3]_i_581/O
                         net (fo=1, routed)           0.353    15.170    u_vga_top/gen_obs[4].u_or/r[3]_i_581_n_0
    SLICE_X17Y67         CARRY4 (Prop_carry4_CYINIT_CO[3])
                                                      0.346    15.516 r  u_vga_top/gen_obs[4].u_or/r_reg[3]_i_319/CO[3]
                         net (fo=1, routed)           0.000    15.516    u_vga_top/gen_obs[4].u_or/r_reg[3]_i_319_n_0
    SLICE_X17Y68         CARRY4 (Prop_carry4_CI_CO[3])
                                                      0.058    15.574 r  u_vga_top/gen_obs[4].u_or/r_reg[3]_i_152/CO[3]
                         net (fo=1, routed)           0.840    16.415    u_vga_top/u_vgac/r[3]_i_14[0]
    SLICE_X23Y67         LUT6 (Prop_lut6_I5_O)        0.053    16.468 r  u_vga_top/u_vgac/r[3]_i_57/O
                         net (fo=8, routed)           1.178    17.646    u_game_logic/r[1]_i_4
    SLICE_X16Y70         LUT2 (Prop_lut2_I1_O)        0.053    17.699 r  u_game_logic/r[3]_i_185/O
                         net (fo=7, routed)           0.708    18.407    u_game_logic/ob_active_reg[6]_0[4]
    SLICE_X19Y70         LUT5 (Prop_lut5_I2_O)        0.063    18.470 r  u_game_logic/r[3]_i_72/O
                         net (fo=6, routed)           0.465    18.935    u_vga_top/u_vgac/g[2]_i_11_1
    SLICE_X18Y70         LUT6 (Prop_lut6_I0_O)        0.170    19.105 r  u_vga_top/u_vgac/r[1]_i_13/O
                         net (fo=1, routed)           2.477    21.582    u_vga_top/u_vgac/r[1]_i_13_n_0
    SLICE_X19Y140        LUT4 (Prop_lut4_I1_O)        0.063    21.645 r  u_vga_top/u_vgac/r[1]_i_6/O
                         net (fo=6, routed)           0.667    22.312    u_vga_top/u_vgac/ob_active_reg[4]
    SLICE_X18Y141        LUT6 (Prop_lut6_I3_O)        0.170    22.482 r  u_vga_top/u_vgac/r[0]_i_2/O
                         net (fo=1, routed)           0.967    23.449    u_vga_top/u_vgac/r[0]_i_2_n_0
    SLICE_X40Y143        LUT5 (Prop_lut5_I1_O)        0.053    23.502 r  u_vga_top/u_vgac/r[0]_i_1/O
                         net (fo=1, routed)           0.000    23.502    u_vga_top/u_vgac/vga_data[0]
    SLICE_X40Y143        FDRE                                         r  u_vga_top/u_vgac/r_reg[0]/D
  -------------------------------------------------------------------    -------------------

Slack:                    inf
  Source:                 u_game_logic/ob_y_reg[38]/C
                            (rising edge-triggered cell FDCE clocked by clk100MHZ  {rise@0.000ns fall@5.000ns period=10.000ns})
  Destination:            u_vga_top/u_vgac/g_reg[0]/D
  Path Group:             (none)
  Path Type:              Max at Slow Process Corner
  Data Path Delay:        18.424ns  (logic 5.849ns (31.747%)  route 12.575ns (68.253%))
  Logic Levels:           18  (CARRY4=5 DSP48E1=1 LUT2=4 LUT4=1 LUT5=3 LUT6=4)
  Clock Uncertainty:      0.025ns  ((TSJ^2 + TIJ^2)^1/2 + DJ) / 2 + PE
    Total System Jitter     (TSJ):    0.050ns
    Total Input Jitter      (TIJ):    0.000ns
    Discrete Jitter          (DJ):    0.000ns
    Phase Error              (PE):    0.000ns

    Location             Delay type                Incr(ns)  Path(ns)    Netlist Resource(s)
  -------------------------------------------------------------------    -------------------
                         (clock clk100MHZ rise edge)
                                                      0.000     0.000 r  
    AC18                                              0.000     0.000 r  clk (IN)
                         net (fo=0)                   0.000     0.000    clk
    AC18                 IBUF (Prop_ibuf_I_O)         0.745     0.745 r  clk_IBUF_inst/O
                         net (fo=1, routed)           2.564     3.309    clk_IBUF
    BUFGCTRL_X0Y0        BUFG (Prop_bufg_I_O)         0.120     3.429 r  clk_IBUF_BUFG_inst/O
                         net (fo=2995, routed)        1.591     5.020    u_game_logic/clk_IBUF_BUFG
    SLICE_X26Y67         FDCE                                         r  u_game_logic/ob_y_reg[38]/C
  -------------------------------------------------------------------    -------------------
    SLICE_X26Y67         FDCE (Prop_fdce_C_Q)         0.269     5.289 r  u_game_logic/ob_y_reg[38]/Q
                         net (fo=1, routed)           0.777     6.066    u_vga_top/u_vgac/ady2_i_13_0[38]
    SLICE_X20Y67         LUT2 (Prop_lut2_I1_O)        0.053     6.119 r  u_vga_top/u_vgac/ady2_i_16__6/O
                         net (fo=1, routed)           0.000     6.119    u_vga_top/u_vgac/ady2_i_16__6_n_0
    SLICE_X20Y67         CARRY4 (Prop_carry4_S[2]_CO[3])
                                                      0.219     6.338 r  u_vga_top/u_vgac/ady2_i_10__6/CO[3]
                         net (fo=1, routed)           0.000     6.338    u_vga_top/u_vgac/ady2_i_10__6_n_0
    SLICE_X20Y68         CARRY4 (Prop_carry4_CI_O[1])
                                                      0.212     6.550 f  u_vga_top/u_vgac/ady2_i_11__6/O[1]
                         net (fo=6, routed)           0.791     7.341    u_vga_top/u_vgac/gen_obs[4].u_or/dy__0[5]
    SLICE_X18Y66         LUT6 (Prop_lut6_I0_O)        0.155     7.496 r  u_vga_top/u_vgac/ady2_i_12__13/O
                         net (fo=8, routed)           1.136     8.632    u_vga_top/u_vgac/ady2_i_12__13_n_0
    SLICE_X23Y66         LUT5 (Prop_lut5_I1_O)        0.064     8.696 r  u_vga_top/u_vgac/ady2_i_1__6/O
                         net (fo=4, routed)           0.671     9.367    u_vga_top/gen_obs[4].u_or/A[9]
    DSP48_X0Y26          DSP48E1 (Prop_dsp48e1_A[9]_P[0])
                                                      3.372    12.739 r  u_vga_top/gen_obs[4].u_or/ady2/P[0]
                         net (fo=1, routed)           0.828    13.567    u_vga_top/gen_obs[4].u_or/ady2_n_105
    SLICE_X19Y65         LUT2 (Prop_lut2_I1_O)        0.053    13.620 r  u_vga_top/gen_obs[4].u_or/r[3]_i_1691/O
                         net (fo=1, routed)           0.000    13.620    u_vga_top/gen_obs[4].u_or/r[3]_i_1691_n_0
    SLICE_X19Y65         CARRY4 (Prop_carry4_S[0]_O[1])
                                                      0.271    13.891 f  u_vga_top/gen_obs[4].u_or/r_reg[3]_i_1084/O[1]
                         net (fo=3, routed)           0.774    14.665    u_vga_top/gen_obs[4].u_or/dsq[1]
    SLICE_X13Y67         LUT2 (Prop_lut2_I0_O)        0.152    14.817 r  u_vga_top/gen_obs[4].u_or/r[3]_i_581/O
                         net (fo=1, routed)           0.353    15.170    u_vga_top/gen_obs[4].u_or/r[3]_i_581_n_0
    SLICE_X17Y67         CARRY4 (Prop_carry4_CYINIT_CO[3])
                                                      0.346    15.516 r  u_vga_top/gen_obs[4].u_or/r_reg[3]_i_319/CO[3]
                         net (fo=1, routed)           0.000    15.516    u_vga_top/gen_obs[4].u_or/r_reg[3]_i_319_n_0
    SLICE_X17Y68         CARRY4 (Prop_carry4_CI_CO[3])
                                                      0.058    15.574 r  u_vga_top/gen_obs[4].u_or/r_reg[3]_i_152/CO[3]
                         net (fo=1, routed)           0.840    16.415    u_vga_top/u_vgac/r[3]_i_14[0]
    SLICE_X23Y67         LUT6 (Prop_lut6_I5_O)        0.053    16.468 r  u_vga_top/u_vgac/r[3]_i_57/O
                         net (fo=8, routed)           1.178    17.646    u_game_logic/r[1]_i_4
    SLICE_X16Y70         LUT2 (Prop_lut2_I1_O)        0.053    17.699 r  u_game_logic/r[3]_i_185/O
                         net (fo=7, routed)           0.708    18.407    u_game_logic/ob_active_reg[6]_0[4]
    SLICE_X19Y70         LUT5 (Prop_lut5_I2_O)        0.063    18.470 r  u_game_logic/r[3]_i_72/O
                         net (fo=6, routed)           0.465    18.935    u_vga_top/u_vgac/g[2]_i_11_1
    SLICE_X18Y70         LUT6 (Prop_lut6_I0_O)        0.170    19.105 r  u_vga_top/u_vgac/r[1]_i_13/O
                         net (fo=1, routed)           2.477    21.582    u_vga_top/u_vgac/r[1]_i_13_n_0
    SLICE_X19Y140        LUT4 (Prop_lut4_I1_O)        0.063    21.645 r  u_vga_top/u_vgac/r[1]_i_6/O
                         net (fo=6, routed)           0.474    22.119    u_vga_top/u_vgac/ob_active_reg[4]
    SLICE_X18Y141        LUT6 (Prop_lut6_I2_O)        0.170    22.289 r  u_vga_top/u_vgac/g[0]_i_2/O
                         net (fo=1, routed)           1.102    23.391    u_vga_top/u_vgac/g[0]_i_2_n_0
    SLICE_X39Y142        LUT5 (Prop_lut5_I1_O)        0.053    23.444 r  u_vga_top/u_vgac/g[0]_i_1/O
                         net (fo=1, routed)           0.000    23.444    u_vga_top/u_vgac/vga_data[4]
    SLICE_X39Y142        FDRE                                         r  u_vga_top/u_vgac/g_reg[0]/D
  -------------------------------------------------------------------    -------------------

Slack:                    inf
  Source:                 u_game_logic/ob_y_reg[38]/C
                            (rising edge-triggered cell FDCE clocked by clk100MHZ  {rise@0.000ns fall@5.000ns period=10.000ns})
  Destination:            u_vga_top/u_vgac/r_reg[1]/D
  Path Group:             (none)
  Path Type:              Max at Slow Process Corner
  Data Path Delay:        18.333ns  (logic 5.849ns (31.904%)  route 12.484ns (68.096%))
  Logic Levels:           18  (CARRY4=5 DSP48E1=1 LUT2=4 LUT4=1 LUT5=3 LUT6=4)
  Clock Uncertainty:      0.025ns  ((TSJ^2 + TIJ^2)^1/2 + DJ) / 2 + PE
    Total System Jitter     (TSJ):    0.050ns
    Total Input Jitter      (TIJ):    0.000ns
    Discrete Jitter          (DJ):    0.000ns
    Phase Error              (PE):    0.000ns

    Location             Delay type                Incr(ns)  Path(ns)    Netlist Resource(s)
  -------------------------------------------------------------------    -------------------
                         (clock clk100MHZ rise edge)
                                                      0.000     0.000 r  
    AC18                                              0.000     0.000 r  clk (IN)
                         net (fo=0)                   0.000     0.000    clk
    AC18                 IBUF (Prop_ibuf_I_O)         0.745     0.745 r  clk_IBUF_inst/O
                         net (fo=1, routed)           2.564     3.309    clk_IBUF
    BUFGCTRL_X0Y0        BUFG (Prop_bufg_I_O)         0.120     3.429 r  clk_IBUF_BUFG_inst/O
                         net (fo=2995, routed)        1.591     5.020    u_game_logic/clk_IBUF_BUFG
    SLICE_X26Y67         FDCE                                         r  u_game_logic/ob_y_reg[38]/C
  -------------------------------------------------------------------    -------------------
    SLICE_X26Y67         FDCE (Prop_fdce_C_Q)         0.269     5.289 r  u_game_logic/ob_y_reg[38]/Q
                         net (fo=1, routed)           0.777     6.066    u_vga_top/u_vgac/ady2_i_13_0[38]
    SLICE_X20Y67         LUT2 (Prop_lut2_I1_O)        0.053     6.119 r  u_vga_top/u_vgac/ady2_i_16__6/O
                         net (fo=1, routed)           0.000     6.119    u_vga_top/u_vgac/ady2_i_16__6_n_0
    SLICE_X20Y67         CARRY4 (Prop_carry4_S[2]_CO[3])
                                                      0.219     6.338 r  u_vga_top/u_vgac/ady2_i_10__6/CO[3]
                         net (fo=1, routed)           0.000     6.338    u_vga_top/u_vgac/ady2_i_10__6_n_0
    SLICE_X20Y68         CARRY4 (Prop_carry4_CI_O[1])
                                                      0.212     6.550 f  u_vga_top/u_vgac/ady2_i_11__6/O[1]
                         net (fo=6, routed)           0.791     7.341    u_vga_top/u_vgac/gen_obs[4].u_or/dy__0[5]
    SLICE_X18Y66         LUT6 (Prop_lut6_I0_O)        0.155     7.496 r  u_vga_top/u_vgac/ady2_i_12__13/O
                         net (fo=8, routed)           1.136     8.632    u_vga_top/u_vgac/ady2_i_12__13_n_0
    SLICE_X23Y66         LUT5 (Prop_lut5_I1_O)        0.064     8.696 r  u_vga_top/u_vgac/ady2_i_1__6/O
                         net (fo=4, routed)           0.671     9.367    u_vga_top/gen_obs[4].u_or/A[9]
    DSP48_X0Y26          DSP48E1 (Prop_dsp48e1_A[9]_P[0])
                                                      3.372    12.739 r  u_vga_top/gen_obs[4].u_or/ady2/P[0]
                         net (fo=1, routed)           0.828    13.567    u_vga_top/gen_obs[4].u_or/ady2_n_105
    SLICE_X19Y65         LUT2 (Prop_lut2_I1_O)        0.053    13.620 r  u_vga_top/gen_obs[4].u_or/r[3]_i_1691/O
                         net (fo=1, routed)           0.000    13.620    u_vga_top/gen_obs[4].u_or/r[3]_i_1691_n_0
    SLICE_X19Y65         CARRY4 (Prop_carry4_S[0]_O[1])
                                                      0.271    13.891 f  u_vga_top/gen_obs[4].u_or/r_reg[3]_i_1084/O[1]
                         net (fo=3, routed)           0.774    14.665    u_vga_top/gen_obs[4].u_or/dsq[1]
    SLICE_X13Y67         LUT2 (Prop_lut2_I0_O)        0.152    14.817 r  u_vga_top/gen_obs[4].u_or/r[3]_i_581/O
                         net (fo=1, routed)           0.353    15.170    u_vga_top/gen_obs[4].u_or/r[3]_i_581_n_0
    SLICE_X17Y67         CARRY4 (Prop_carry4_CYINIT_CO[3])
                                                      0.346    15.516 r  u_vga_top/gen_obs[4].u_or/r_reg[3]_i_319/CO[3]
                         net (fo=1, routed)           0.000    15.516    u_vga_top/gen_obs[4].u_or/r_reg[3]_i_319_n_0
    SLICE_X17Y68         CARRY4 (Prop_carry4_CI_CO[3])
                                                      0.058    15.574 r  u_vga_top/gen_obs[4].u_or/r_reg[3]_i_152/CO[3]
                         net (fo=1, routed)           0.840    16.415    u_vga_top/u_vgac/r[3]_i_14[0]
    SLICE_X23Y67         LUT6 (Prop_lut6_I5_O)        0.053    16.468 r  u_vga_top/u_vgac/r[3]_i_57/O
                         net (fo=8, routed)           1.178    17.646    u_game_logic/r[1]_i_4
    SLICE_X16Y70         LUT2 (Prop_lut2_I1_O)        0.053    17.699 r  u_game_logic/r[3]_i_185/O
                         net (fo=7, routed)           0.708    18.407    u_game_logic/ob_active_reg[6]_0[4]
    SLICE_X19Y70         LUT5 (Prop_lut5_I2_O)        0.063    18.470 r  u_game_logic/r[3]_i_72/O
                         net (fo=6, routed)           0.465    18.935    u_vga_top/u_vgac/g[2]_i_11_1
    SLICE_X18Y70         LUT6 (Prop_lut6_I0_O)        0.170    19.105 r  u_vga_top/u_vgac/r[1]_i_13/O
                         net (fo=1, routed)           2.477    21.582    u_vga_top/u_vgac/r[1]_i_13_n_0
    SLICE_X19Y140        LUT4 (Prop_lut4_I1_O)        0.063    21.645 r  u_vga_top/u_vgac/r[1]_i_6/O
                         net (fo=6, routed)           0.516    22.161    u_vga_top/u_vgac/ob_active_reg[4]
    SLICE_X19Y140        LUT6 (Prop_lut6_I3_O)        0.170    22.331 r  u_vga_top/u_vgac/r[1]_i_2/O
                         net (fo=1, routed)           0.969    23.300    u_vga_top/u_vgac/r[1]_i_2_n_0
    SLICE_X40Y143        LUT5 (Prop_lut5_I1_O)        0.053    23.353 r  u_vga_top/u_vgac/r[1]_i_1/O
                         net (fo=1, routed)           0.000    23.353    u_vga_top/u_vgac/vga_data[1]
    SLICE_X40Y143        FDRE                                         r  u_vga_top/u_vgac/r_reg[1]/D
  -------------------------------------------------------------------    -------------------

Slack:                    inf
  Source:                 u_game_logic/ob_y_reg[38]/C
                            (rising edge-triggered cell FDCE clocked by clk100MHZ  {rise@0.000ns fall@5.000ns period=10.000ns})
  Destination:            u_vga_top/u_vgac/g_reg[3]/D
  Path Group:             (none)
  Path Type:              Max at Slow Process Corner
  Data Path Delay:        18.202ns  (logic 5.722ns (31.437%)  route 12.480ns (68.563%))
  Logic Levels:           18  (CARRY4=5 DSP48E1=1 LUT2=4 LUT5=3 LUT6=5)
  Clock Uncertainty:      0.025ns  ((TSJ^2 + TIJ^2)^1/2 + DJ) / 2 + PE
    Total System Jitter     (TSJ):    0.050ns
    Total Input Jitter      (TIJ):    0.000ns
    Discrete Jitter          (DJ):    0.000ns
    Phase Error              (PE):    0.000ns

    Location             Delay type                Incr(ns)  Path(ns)    Netlist Resource(s)
  -------------------------------------------------------------------    -------------------
                         (clock clk100MHZ rise edge)
                                                      0.000     0.000 r  
    AC18                                              0.000     0.000 r  clk (IN)
                         net (fo=0)                   0.000     0.000    clk
    AC18                 IBUF (Prop_ibuf_I_O)         0.745     0.745 r  clk_IBUF_inst/O
                         net (fo=1, routed)           2.564     3.309    clk_IBUF
    BUFGCTRL_X0Y0        BUFG (Prop_bufg_I_O)         0.120     3.429 r  clk_IBUF_BUFG_inst/O
                         net (fo=2995, routed)        1.591     5.020    u_game_logic/clk_IBUF_BUFG
    SLICE_X26Y67         FDCE                                         r  u_game_logic/ob_y_reg[38]/C
  -------------------------------------------------------------------    -------------------
    SLICE_X26Y67         FDCE (Prop_fdce_C_Q)         0.269     5.289 r  u_game_logic/ob_y_reg[38]/Q
                         net (fo=1, routed)           0.777     6.066    u_vga_top/u_vgac/ady2_i_13_0[38]
    SLICE_X20Y67         LUT2 (Prop_lut2_I1_O)        0.053     6.119 r  u_vga_top/u_vgac/ady2_i_16__6/O
                         net (fo=1, routed)           0.000     6.119    u_vga_top/u_vgac/ady2_i_16__6_n_0
    SLICE_X20Y67         CARRY4 (Prop_carry4_S[2]_CO[3])
                                                      0.219     6.338 r  u_vga_top/u_vgac/ady2_i_10__6/CO[3]
                         net (fo=1, routed)           0.000     6.338    u_vga_top/u_vgac/ady2_i_10__6_n_0
    SLICE_X20Y68         CARRY4 (Prop_carry4_CI_O[1])
                                                      0.212     6.550 f  u_vga_top/u_vgac/ady2_i_11__6/O[1]
                         net (fo=6, routed)           0.791     7.341    u_vga_top/u_vgac/gen_obs[4].u_or/dy__0[5]
    SLICE_X18Y66         LUT6 (Prop_lut6_I0_O)        0.155     7.496 r  u_vga_top/u_vgac/ady2_i_12__13/O
                         net (fo=8, routed)           1.136     8.632    u_vga_top/u_vgac/ady2_i_12__13_n_0
    SLICE_X23Y66         LUT5 (Prop_lut5_I1_O)        0.064     8.696 r  u_vga_top/u_vgac/ady2_i_1__6/O
                         net (fo=4, routed)           0.671     9.367    u_vga_top/gen_obs[4].u_or/A[9]
    DSP48_X0Y26          DSP48E1 (Prop_dsp48e1_A[9]_P[0])
                                                      3.372    12.739 r  u_vga_top/gen_obs[4].u_or/ady2/P[0]
                         net (fo=1, routed)           0.828    13.567    u_vga_top/gen_obs[4].u_or/ady2_n_105
    SLICE_X19Y65         LUT2 (Prop_lut2_I1_O)        0.053    13.620 r  u_vga_top/gen_obs[4].u_or/r[3]_i_1691/O
                         net (fo=1, routed)           0.000    13.620    u_vga_top/gen_obs[4].u_or/r[3]_i_1691_n_0
    SLICE_X19Y65         CARRY4 (Prop_carry4_S[0]_O[1])
                                                      0.271    13.891 f  u_vga_top/gen_obs[4].u_or/r_reg[3]_i_1084/O[1]
                         net (fo=3, routed)           0.774    14.665    u_vga_top/gen_obs[4].u_or/dsq[1]
    SLICE_X13Y67         LUT2 (Prop_lut2_I0_O)        0.152    14.817 r  u_vga_top/gen_obs[4].u_or/r[3]_i_581/O
                         net (fo=1, routed)           0.353    15.170    u_vga_top/gen_obs[4].u_or/r[3]_i_581_n_0
    SLICE_X17Y67         CARRY4 (Prop_carry4_CYINIT_CO[3])
                                                      0.346    15.516 r  u_vga_top/gen_obs[4].u_or/r_reg[3]_i_319/CO[3]
                         net (fo=1, routed)           0.000    15.516    u_vga_top/gen_obs[4].u_or/r_reg[3]_i_319_n_0
    SLICE_X17Y68         CARRY4 (Prop_carry4_CI_CO[3])
                                                      0.058    15.574 r  u_vga_top/gen_obs[4].u_or/r_reg[3]_i_152/CO[3]
                         net (fo=1, routed)           0.840    16.415    u_vga_top/u_vgac/r[3]_i_14[0]
    SLICE_X23Y67         LUT6 (Prop_lut6_I5_O)        0.053    16.468 r  u_vga_top/u_vgac/r[3]_i_57/O
                         net (fo=8, routed)           1.178    17.646    u_game_logic/r[1]_i_4
    SLICE_X16Y70         LUT2 (Prop_lut2_I1_O)        0.053    17.699 r  u_game_logic/r[3]_i_185/O
                         net (fo=7, routed)           0.851    18.550    u_vga_top/u_vgac/g[2]_i_11_0[4]
    SLICE_X21Y69         LUT5 (Prop_lut5_I4_O)        0.063    18.613 r  u_vga_top/u_vgac/g[3]_i_60/O
                         net (fo=1, routed)           0.129    18.742    u_game_logic/g[3]_i_9_0
    SLICE_X21Y69         LUT6 (Prop_lut6_I4_O)        0.170    18.912 r  u_game_logic/g[3]_i_23/O
                         net (fo=1, routed)           0.782    19.695    u_game_logic/g[3]_i_23_n_0
    SLICE_X17Y71         LUT6 (Prop_lut6_I1_O)        0.053    19.748 r  u_game_logic/g[3]_i_9/O
                         net (fo=1, routed)           2.596    22.344    u_vga_top/u_vgac/g_reg[3]_1
    SLICE_X18Y140        LUT6 (Prop_lut6_I3_O)        0.053    22.397 r  u_vga_top/u_vgac/g[3]_i_3/O
                         net (fo=1, routed)           0.772    23.169    u_vga_top/u_vgac/g[3]_i_3_n_0
    SLICE_X40Y142        LUT5 (Prop_lut5_I1_O)        0.053    23.222 r  u_vga_top/u_vgac/g[3]_i_1/O
                         net (fo=1, routed)           0.000    23.222    u_vga_top/u_vgac/vga_data[7]
    SLICE_X40Y142        FDRE                                         r  u_vga_top/u_vgac/g_reg[3]/D
  -------------------------------------------------------------------    -------------------

Slack:                    inf
  Source:                 u_game_logic/ob_y_reg[38]/C
                            (rising edge-triggered cell FDCE clocked by clk100MHZ  {rise@0.000ns fall@5.000ns period=10.000ns})
  Destination:            u_vga_top/u_vgac/b_reg[1]/D
  Path Group:             (none)
  Path Type:              Max at Slow Process Corner
  Data Path Delay:        18.149ns  (logic 5.849ns (32.227%)  route 12.300ns (67.773%))
  Logic Levels:           18  (CARRY4=5 DSP48E1=1 LUT2=4 LUT4=1 LUT5=3 LUT6=4)
  Clock Uncertainty:      0.025ns  ((TSJ^2 + TIJ^2)^1/2 + DJ) / 2 + PE
    Total System Jitter     (TSJ):    0.050ns
    Total Input Jitter      (TIJ):    0.000ns
    Discrete Jitter          (DJ):    0.000ns
    Phase Error              (PE):    0.000ns

    Location             Delay type                Incr(ns)  Path(ns)    Netlist Resource(s)
  -------------------------------------------------------------------    -------------------
                         (clock clk100MHZ rise edge)
                                                      0.000     0.000 r  
    AC18                                              0.000     0.000 r  clk (IN)
                         net (fo=0)                   0.000     0.000    clk
    AC18                 IBUF (Prop_ibuf_I_O)         0.745     0.745 r  clk_IBUF_inst/O
                         net (fo=1, routed)           2.564     3.309    clk_IBUF
    BUFGCTRL_X0Y0        BUFG (Prop_bufg_I_O)         0.120     3.429 r  clk_IBUF_BUFG_inst/O
                         net (fo=2995, routed)        1.591     5.020    u_game_logic/clk_IBUF_BUFG
    SLICE_X26Y67         FDCE                                         r  u_game_logic/ob_y_reg[38]/C
  -------------------------------------------------------------------    -------------------
    SLICE_X26Y67         FDCE (Prop_fdce_C_Q)         0.269     5.289 r  u_game_logic/ob_y_reg[38]/Q
                         net (fo=1, routed)           0.777     6.066    u_vga_top/u_vgac/ady2_i_13_0[38]
    SLICE_X20Y67         LUT2 (Prop_lut2_I1_O)        0.053     6.119 r  u_vga_top/u_vgac/ady2_i_16__6/O
                         net (fo=1, routed)           0.000     6.119    u_vga_top/u_vgac/ady2_i_16__6_n_0
    SLICE_X20Y67         CARRY4 (Prop_carry4_S[2]_CO[3])
                                                      0.219     6.338 r  u_vga_top/u_vgac/ady2_i_10__6/CO[3]
                         net (fo=1, routed)           0.000     6.338    u_vga_top/u_vgac/ady2_i_10__6_n_0
    SLICE_X20Y68         CARRY4 (Prop_carry4_CI_O[1])
                                                      0.212     6.550 f  u_vga_top/u_vgac/ady2_i_11__6/O[1]
                         net (fo=6, routed)           0.791     7.341    u_vga_top/u_vgac/gen_obs[4].u_or/dy__0[5]
    SLICE_X18Y66         LUT6 (Prop_lut6_I0_O)        0.155     7.496 r  u_vga_top/u_vgac/ady2_i_12__13/O
                         net (fo=8, routed)           1.136     8.632    u_vga_top/u_vgac/ady2_i_12__13_n_0
    SLICE_X23Y66         LUT5 (Prop_lut5_I1_O)        0.064     8.696 r  u_vga_top/u_vgac/ady2_i_1__6/O
                         net (fo=4, routed)           0.671     9.367    u_vga_top/gen_obs[4].u_or/A[9]
    DSP48_X0Y26          DSP48E1 (Prop_dsp48e1_A[9]_P[0])
                                                      3.372    12.739 r  u_vga_top/gen_obs[4].u_or/ady2/P[0]
                         net (fo=1, routed)           0.828    13.567    u_vga_top/gen_obs[4].u_or/ady2_n_105
    SLICE_X19Y65         LUT2 (Prop_lut2_I1_O)        0.053    13.620 r  u_vga_top/gen_obs[4].u_or/r[3]_i_1691/O
                         net (fo=1, routed)           0.000    13.620    u_vga_top/gen_obs[4].u_or/r[3]_i_1691_n_0
    SLICE_X19Y65         CARRY4 (Prop_carry4_S[0]_O[1])
                                                      0.271    13.891 f  u_vga_top/gen_obs[4].u_or/r_reg[3]_i_1084/O[1]
                         net (fo=3, routed)           0.774    14.665    u_vga_top/gen_obs[4].u_or/dsq[1]
    SLICE_X13Y67         LUT2 (Prop_lut2_I0_O)        0.152    14.817 r  u_vga_top/gen_obs[4].u_or/r[3]_i_581/O
                         net (fo=1, routed)           0.353    15.170    u_vga_top/gen_obs[4].u_or/r[3]_i_581_n_0
    SLICE_X17Y67         CARRY4 (Prop_carry4_CYINIT_CO[3])
                                                      0.346    15.516 r  u_vga_top/gen_obs[4].u_or/r_reg[3]_i_319/CO[3]
                         net (fo=1, routed)           0.000    15.516    u_vga_top/gen_obs[4].u_or/r_reg[3]_i_319_n_0
    SLICE_X17Y68         CARRY4 (Prop_carry4_CI_CO[3])
                                                      0.058    15.574 r  u_vga_top/gen_obs[4].u_or/r_reg[3]_i_152/CO[3]
                         net (fo=1, routed)           0.840    16.415    u_vga_top/u_vgac/r[3]_i_14[0]
    SLICE_X23Y67         LUT6 (Prop_lut6_I5_O)        0.053    16.468 r  u_vga_top/u_vgac/r[3]_i_57/O
                         net (fo=8, routed)           1.178    17.646    u_game_logic/r[1]_i_4
    SLICE_X16Y70         LUT2 (Prop_lut2_I1_O)        0.053    17.699 r  u_game_logic/r[3]_i_185/O
                         net (fo=7, routed)           0.708    18.407    u_game_logic/ob_active_reg[6]_0[4]
    SLICE_X19Y70         LUT5 (Prop_lut5_I2_O)        0.063    18.470 r  u_game_logic/r[3]_i_72/O
                         net (fo=6, routed)           0.465    18.935    u_vga_top/u_vgac/g[2]_i_11_1
    SLICE_X18Y70         LUT6 (Prop_lut6_I0_O)        0.170    19.105 r  u_vga_top/u_vgac/r[1]_i_13/O
                         net (fo=1, routed)           2.477    21.582    u_vga_top/u_vgac/r[1]_i_13_n_0
    SLICE_X19Y140        LUT4 (Prop_lut4_I1_O)        0.063    21.645 r  u_vga_top/u_vgac/r[1]_i_6/O
                         net (fo=6, routed)           0.139    21.784    u_vga_top/u_vgac/ob_active_reg[4]
    SLICE_X19Y140        LUT6 (Prop_lut6_I4_O)        0.170    21.954 r  u_vga_top/u_vgac/b[1]_i_2/O
                         net (fo=1, routed)           1.163    23.116    u_vga_top/u_vgac/b[1]_i_2_n_0
    SLICE_X39Y142        LUT5 (Prop_lut5_I2_O)        0.053    23.169 r  u_vga_top/u_vgac/b[1]_i_1/O
                         net (fo=1, routed)           0.000    23.169    u_vga_top/u_vgac/vga_data[9]
    SLICE_X39Y142        FDRE                                         r  u_vga_top/u_vgac/b_reg[1]/D
  -------------------------------------------------------------------    -------------------

Slack:                    inf
  Source:                 u_game_logic/ob_y_reg[38]/C
                            (rising edge-triggered cell FDCE clocked by clk100MHZ  {rise@0.000ns fall@5.000ns period=10.000ns})
  Destination:            u_vga_top/u_vgac/r_reg[2]/D
  Path Group:             (none)
  Path Type:              Max at Slow Process Corner
  Data Path Delay:        18.144ns  (logic 5.595ns (30.836%)  route 12.549ns (69.164%))
  Logic Levels:           18  (CARRY4=5 DSP48E1=1 LUT2=4 LUT5=2 LUT6=6)
  Clock Uncertainty:      0.025ns  ((TSJ^2 + TIJ^2)^1/2 + DJ) / 2 + PE
    Total System Jitter     (TSJ):    0.050ns
    Total Input Jitter      (TIJ):    0.000ns
    Discrete Jitter          (DJ):    0.000ns
    Phase Error              (PE):    0.000ns

    Location             Delay type                Incr(ns)  Path(ns)    Netlist Resource(s)
  -------------------------------------------------------------------    -------------------
                         (clock clk100MHZ rise edge)
                                                      0.000     0.000 r  
    AC18                                              0.000     0.000 r  clk (IN)
                         net (fo=0)                   0.000     0.000    clk
    AC18                 IBUF (Prop_ibuf_I_O)         0.745     0.745 r  clk_IBUF_inst/O
                         net (fo=1, routed)           2.564     3.309    clk_IBUF
    BUFGCTRL_X0Y0        BUFG (Prop_bufg_I_O)         0.120     3.429 r  clk_IBUF_BUFG_inst/O
                         net (fo=2995, routed)        1.591     5.020    u_game_logic/clk_IBUF_BUFG
    SLICE_X26Y67         FDCE                                         r  u_game_logic/ob_y_reg[38]/C
  -------------------------------------------------------------------    -------------------
    SLICE_X26Y67         FDCE (Prop_fdce_C_Q)         0.269     5.289 r  u_game_logic/ob_y_reg[38]/Q
                         net (fo=1, routed)           0.777     6.066    u_vga_top/u_vgac/ady2_i_13_0[38]
    SLICE_X20Y67         LUT2 (Prop_lut2_I1_O)        0.053     6.119 r  u_vga_top/u_vgac/ady2_i_16__6/O
                         net (fo=1, routed)           0.000     6.119    u_vga_top/u_vgac/ady2_i_16__6_n_0
    SLICE_X20Y67         CARRY4 (Prop_carry4_S[2]_CO[3])
                                                      0.219     6.338 r  u_vga_top/u_vgac/ady2_i_10__6/CO[3]
                         net (fo=1, routed)           0.000     6.338    u_vga_top/u_vgac/ady2_i_10__6_n_0
    SLICE_X20Y68         CARRY4 (Prop_carry4_CI_O[1])
                                                      0.212     6.550 f  u_vga_top/u_vgac/ady2_i_11__6/O[1]
                         net (fo=6, routed)           0.791     7.341    u_vga_top/u_vgac/gen_obs[4].u_or/dy__0[5]
    SLICE_X18Y66         LUT6 (Prop_lut6_I0_O)        0.155     7.496 r  u_vga_top/u_vgac/ady2_i_12__13/O
                         net (fo=8, routed)           1.136     8.632    u_vga_top/u_vgac/ady2_i_12__13_n_0
    SLICE_X23Y66         LUT5 (Prop_lut5_I1_O)        0.064     8.696 r  u_vga_top/u_vgac/ady2_i_1__6/O
                         net (fo=4, routed)           0.671     9.367    u_vga_top/gen_obs[4].u_or/A[9]
    DSP48_X0Y26          DSP48E1 (Prop_dsp48e1_A[9]_P[0])
                                                      3.372    12.739 r  u_vga_top/gen_obs[4].u_or/ady2/P[0]
                         net (fo=1, routed)           0.828    13.567    u_vga_top/gen_obs[4].u_or/ady2_n_105
    SLICE_X19Y65         LUT2 (Prop_lut2_I1_O)        0.053    13.620 r  u_vga_top/gen_obs[4].u_or/r[3]_i_1691/O
                         net (fo=1, routed)           0.000    13.620    u_vga_top/gen_obs[4].u_or/r[3]_i_1691_n_0
    SLICE_X19Y65         CARRY4 (Prop_carry4_S[0]_O[1])
                                                      0.271    13.891 f  u_vga_top/gen_obs[4].u_or/r_reg[3]_i_1084/O[1]
                         net (fo=3, routed)           0.774    14.665    u_vga_top/gen_obs[4].u_or/dsq[1]
    SLICE_X13Y67         LUT2 (Prop_lut2_I0_O)        0.152    14.817 r  u_vga_top/gen_obs[4].u_or/r[3]_i_581/O
                         net (fo=1, routed)           0.353    15.170    u_vga_top/gen_obs[4].u_or/r[3]_i_581_n_0
    SLICE_X17Y67         CARRY4 (Prop_carry4_CYINIT_CO[3])
                                                      0.346    15.516 r  u_vga_top/gen_obs[4].u_or/r_reg[3]_i_319/CO[3]
                         net (fo=1, routed)           0.000    15.516    u_vga_top/gen_obs[4].u_or/r_reg[3]_i_319_n_0
    SLICE_X17Y68         CARRY4 (Prop_carry4_CI_CO[3])
                                                      0.058    15.574 r  u_vga_top/gen_obs[4].u_or/r_reg[3]_i_152/CO[3]
                         net (fo=1, routed)           0.840    16.415    u_vga_top/u_vgac/r[3]_i_14[0]
    SLICE_X23Y67         LUT6 (Prop_lut6_I5_O)        0.053    16.468 r  u_vga_top/u_vgac/r[3]_i_57/O
                         net (fo=8, routed)           1.178    17.646    u_game_logic/r[1]_i_4
    SLICE_X16Y70         LUT2 (Prop_lut2_I1_O)        0.053    17.699 r  u_game_logic/r[3]_i_185/O
                         net (fo=7, routed)           0.578    18.277    u_vga_top/u_vgac/g[2]_i_11_0[4]
    SLICE_X22Y70         LUT6 (Prop_lut6_I5_O)        0.053    18.330 r  u_vga_top/u_vgac/r[2]_i_25/O
                         net (fo=1, routed)           0.315    18.645    u_game_logic/r[2]_i_6_0
    SLICE_X22Y70         LUT6 (Prop_lut6_I4_O)        0.053    18.698 r  u_game_logic/r[2]_i_12/O
                         net (fo=1, routed)           0.802    19.500    u_game_logic/r[2]_i_12_n_0
    SLICE_X17Y71         LUT6 (Prop_lut6_I1_O)        0.053    19.553 r  u_game_logic/r[2]_i_6/O
                         net (fo=1, routed)           2.401    21.955    u_vga_top/u_vgac/r_reg[2]_0
    SLICE_X17Y139        LUT6 (Prop_lut6_I4_O)        0.053    22.008 r  u_vga_top/u_vgac/r[2]_i_2/O
                         net (fo=1, routed)           1.104    23.112    u_vga_top/u_vgac/r[2]_i_2_n_0
    SLICE_X45Y143        LUT5 (Prop_lut5_I1_O)        0.053    23.165 r  u_vga_top/u_vgac/r[2]_i_1/O
                         net (fo=1, routed)           0.000    23.165    u_vga_top/u_vgac/vga_data[2]
    SLICE_X45Y143        FDRE                                         r  u_vga_top/u_vgac/r_reg[2]/D
  -------------------------------------------------------------------    -------------------

Slack:                    inf
  Source:                 u_game_logic/ob_y_reg[38]/C
                            (rising edge-triggered cell FDCE clocked by clk100MHZ  {rise@0.000ns fall@5.000ns period=10.000ns})
  Destination:            u_vga_top/u_vgac/b_reg[2]/D
  Path Group:             (none)
  Path Type:              Max at Slow Process Corner
  Data Path Delay:        18.086ns  (logic 5.722ns (31.638%)  route 12.364ns (68.362%))
  Logic Levels:           18  (CARRY4=5 DSP48E1=1 LUT2=4 LUT5=3 LUT6=5)
  Clock Uncertainty:      0.025ns  ((TSJ^2 + TIJ^2)^1/2 + DJ) / 2 + PE
    Total System Jitter     (TSJ):    0.050ns
    Total Input Jitter      (TIJ):    0.000ns
    Discrete Jitter          (DJ):    0.000ns
    Phase Error              (PE):    0.000ns

    Location             Delay type                Incr(ns)  Path(ns)    Netlist Resource(s)
  -------------------------------------------------------------------    -------------------
                         (clock clk100MHZ rise edge)
                                                      0.000     0.000 r  
    AC18                                              0.000     0.000 r  clk (IN)
                         net (fo=0)                   0.000     0.000    clk
    AC18                 IBUF (Prop_ibuf_I_O)         0.745     0.745 r  clk_IBUF_inst/O
                         net (fo=1, routed)           2.564     3.309    clk_IBUF
    BUFGCTRL_X0Y0        BUFG (Prop_bufg_I_O)         0.120     3.429 r  clk_IBUF_BUFG_inst/O
                         net (fo=2995, routed)        1.591     5.020    u_game_logic/clk_IBUF_BUFG
    SLICE_X26Y67         FDCE                                         r  u_game_logic/ob_y_reg[38]/C
  -------------------------------------------------------------------    -------------------
    SLICE_X26Y67         FDCE (Prop_fdce_C_Q)         0.269     5.289 r  u_game_logic/ob_y_reg[38]/Q
                         net (fo=1, routed)           0.777     6.066    u_vga_top/u_vgac/ady2_i_13_0[38]
    SLICE_X20Y67         LUT2 (Prop_lut2_I1_O)        0.053     6.119 r  u_vga_top/u_vgac/ady2_i_16__6/O
                         net (fo=1, routed)           0.000     6.119    u_vga_top/u_vgac/ady2_i_16__6_n_0
    SLICE_X20Y67         CARRY4 (Prop_carry4_S[2]_CO[3])
                                                      0.219     6.338 r  u_vga_top/u_vgac/ady2_i_10__6/CO[3]
                         net (fo=1, routed)           0.000     6.338    u_vga_top/u_vgac/ady2_i_10__6_n_0
    SLICE_X20Y68         CARRY4 (Prop_carry4_CI_O[1])
                                                      0.212     6.550 f  u_vga_top/u_vgac/ady2_i_11__6/O[1]
                         net (fo=6, routed)           0.791     7.341    u_vga_top/u_vgac/gen_obs[4].u_or/dy__0[5]
    SLICE_X18Y66         LUT6 (Prop_lut6_I0_O)        0.155     7.496 r  u_vga_top/u_vgac/ady2_i_12__13/O
                         net (fo=8, routed)           1.136     8.632    u_vga_top/u_vgac/ady2_i_12__13_n_0
    SLICE_X23Y66         LUT5 (Prop_lut5_I1_O)        0.064     8.696 r  u_vga_top/u_vgac/ady2_i_1__6/O
                         net (fo=4, routed)           0.671     9.367    u_vga_top/gen_obs[4].u_or/A[9]
    DSP48_X0Y26          DSP48E1 (Prop_dsp48e1_A[9]_P[0])
                                                      3.372    12.739 r  u_vga_top/gen_obs[4].u_or/ady2/P[0]
                         net (fo=1, routed)           0.828    13.567    u_vga_top/gen_obs[4].u_or/ady2_n_105
    SLICE_X19Y65         LUT2 (Prop_lut2_I1_O)        0.053    13.620 r  u_vga_top/gen_obs[4].u_or/r[3]_i_1691/O
                         net (fo=1, routed)           0.000    13.620    u_vga_top/gen_obs[4].u_or/r[3]_i_1691_n_0
    SLICE_X19Y65         CARRY4 (Prop_carry4_S[0]_O[1])
                                                      0.271    13.891 f  u_vga_top/gen_obs[4].u_or/r_reg[3]_i_1084/O[1]
                         net (fo=3, routed)           0.774    14.665    u_vga_top/gen_obs[4].u_or/dsq[1]
    SLICE_X13Y67         LUT2 (Prop_lut2_I0_O)        0.152    14.817 r  u_vga_top/gen_obs[4].u_or/r[3]_i_581/O
                         net (fo=1, routed)           0.353    15.170    u_vga_top/gen_obs[4].u_or/r[3]_i_581_n_0
    SLICE_X17Y67         CARRY4 (Prop_carry4_CYINIT_CO[3])
                                                      0.346    15.516 r  u_vga_top/gen_obs[4].u_or/r_reg[3]_i_319/CO[3]
                         net (fo=1, routed)           0.000    15.516    u_vga_top/gen_obs[4].u_or/r_reg[3]_i_319_n_0
    SLICE_X17Y68         CARRY4 (Prop_carry4_CI_CO[3])
                                                      0.058    15.574 f  u_vga_top/gen_obs[4].u_or/r_reg[3]_i_152/CO[3]
                         net (fo=1, routed)           0.840    16.415    u_vga_top/u_vgac/r[3]_i_14[0]
    SLICE_X23Y67         LUT6 (Prop_lut6_I5_O)        0.053    16.468 f  u_vga_top/u_vgac/r[3]_i_57/O
                         net (fo=8, routed)           1.178    17.646    u_game_logic/r[1]_i_4
    SLICE_X16Y70         LUT2 (Prop_lut2_I1_O)        0.053    17.699 f  u_game_logic/r[3]_i_185/O
                         net (fo=7, routed)           0.708    18.407    u_game_logic/ob_active_reg[6]_0[4]
    SLICE_X19Y70         LUT5 (Prop_lut5_I2_O)        0.063    18.470 f  u_game_logic/r[3]_i_72/O
                         net (fo=6, routed)           0.249    18.718    u_vga_top/u_vgac/g[2]_i_11_1
    SLICE_X17Y70         LUT6 (Prop_lut6_I5_O)        0.170    18.888 r  u_vga_top/u_vgac/g[2]_i_21/O
                         net (fo=1, routed)           0.315    19.203    u_vga_top/u_vgac/g[2]_i_21_n_0
    SLICE_X18Y70         LUT6 (Prop_lut6_I1_O)        0.053    19.256 r  u_vga_top/u_vgac/g[2]_i_11/O
                         net (fo=2, routed)           2.696    21.953    u_vga_top/u_vgac/g[2]_i_11_n_0
    SLICE_X17Y139        LUT6 (Prop_lut6_I2_O)        0.053    22.006 r  u_vga_top/u_vgac/b[2]_i_3/O
                         net (fo=1, routed)           1.047    23.053    u_vga_top/u_vgac/b[2]_i_3_n_0
    SLICE_X42Y142        LUT5 (Prop_lut5_I2_O)        0.053    23.106 r  u_vga_top/u_vgac/b[2]_i_1/O
                         net (fo=1, routed)           0.000    23.106    u_vga_top/u_vgac/vga_data[10]
    SLICE_X42Y142        FDRE                                         r  u_vga_top/u_vgac/b_reg[2]/D
  -------------------------------------------------------------------    -------------------

Slack:                    inf
  Source:                 u_game_logic/ob_y_reg[38]/C
                            (rising edge-triggered cell FDCE clocked by clk100MHZ  {rise@0.000ns fall@5.000ns period=10.000ns})
  Destination:            u_vga_top/u_vgac/r_reg[3]/D
  Path Group:             (none)
  Path Type:              Max at Slow Process Corner
  Data Path Delay:        17.741ns  (logic 5.595ns (31.537%)  route 12.146ns (68.463%))
  Logic Levels:           18  (CARRY4=5 DSP48E1=1 LUT2=4 LUT5=2 LUT6=6)
  Clock Uncertainty:      0.025ns  ((TSJ^2 + TIJ^2)^1/2 + DJ) / 2 + PE
    Total System Jitter     (TSJ):    0.050ns
    Total Input Jitter      (TIJ):    0.000ns
    Discrete Jitter          (DJ):    0.000ns
    Phase Error              (PE):    0.000ns

    Location             Delay type                Incr(ns)  Path(ns)    Netlist Resource(s)
  -------------------------------------------------------------------    -------------------
                         (clock clk100MHZ rise edge)
                                                      0.000     0.000 r  
    AC18                                              0.000     0.000 r  clk (IN)
                         net (fo=0)                   0.000     0.000    clk
    AC18                 IBUF (Prop_ibuf_I_O)         0.745     0.745 r  clk_IBUF_inst/O
                         net (fo=1, routed)           2.564     3.309    clk_IBUF
    BUFGCTRL_X0Y0        BUFG (Prop_bufg_I_O)         0.120     3.429 r  clk_IBUF_BUFG_inst/O
                         net (fo=2995, routed)        1.591     5.020    u_game_logic/clk_IBUF_BUFG
    SLICE_X26Y67         FDCE                                         r  u_game_logic/ob_y_reg[38]/C
  -------------------------------------------------------------------    -------------------
    SLICE_X26Y67         FDCE (Prop_fdce_C_Q)         0.269     5.289 r  u_game_logic/ob_y_reg[38]/Q
                         net (fo=1, routed)           0.777     6.066    u_vga_top/u_vgac/ady2_i_13_0[38]
    SLICE_X20Y67         LUT2 (Prop_lut2_I1_O)        0.053     6.119 r  u_vga_top/u_vgac/ady2_i_16__6/O
                         net (fo=1, routed)           0.000     6.119    u_vga_top/u_vgac/ady2_i_16__6_n_0
    SLICE_X20Y67         CARRY4 (Prop_carry4_S[2]_CO[3])
                                                      0.219     6.338 r  u_vga_top/u_vgac/ady2_i_10__6/CO[3]
                         net (fo=1, routed)           0.000     6.338    u_vga_top/u_vgac/ady2_i_10__6_n_0
    SLICE_X20Y68         CARRY4 (Prop_carry4_CI_O[1])
                                                      0.212     6.550 f  u_vga_top/u_vgac/ady2_i_11__6/O[1]
                         net (fo=6, routed)           0.791     7.341    u_vga_top/u_vgac/gen_obs[4].u_or/dy__0[5]
    SLICE_X18Y66         LUT6 (Prop_lut6_I0_O)        0.155     7.496 r  u_vga_top/u_vgac/ady2_i_12__13/O
                         net (fo=8, routed)           1.136     8.632    u_vga_top/u_vgac/ady2_i_12__13_n_0
    SLICE_X23Y66         LUT5 (Prop_lut5_I1_O)        0.064     8.696 r  u_vga_top/u_vgac/ady2_i_1__6/O
                         net (fo=4, routed)           0.671     9.367    u_vga_top/gen_obs[4].u_or/A[9]
    DSP48_X0Y26          DSP48E1 (Prop_dsp48e1_A[9]_P[0])
                                                      3.372    12.739 r  u_vga_top/gen_obs[4].u_or/ady2/P[0]
                         net (fo=1, routed)           0.828    13.567    u_vga_top/gen_obs[4].u_or/ady2_n_105
    SLICE_X19Y65         LUT2 (Prop_lut2_I1_O)        0.053    13.620 r  u_vga_top/gen_obs[4].u_or/r[3]_i_1691/O
                         net (fo=1, routed)           0.000    13.620    u_vga_top/gen_obs[4].u_or/r[3]_i_1691_n_0
    SLICE_X19Y65         CARRY4 (Prop_carry4_S[0]_O[1])
                                                      0.271    13.891 f  u_vga_top/gen_obs[4].u_or/r_reg[3]_i_1084/O[1]
                         net (fo=3, routed)           0.774    14.665    u_vga_top/gen_obs[4].u_or/dsq[1]
    SLICE_X13Y67         LUT2 (Prop_lut2_I0_O)        0.152    14.817 r  u_vga_top/gen_obs[4].u_or/r[3]_i_581/O
                         net (fo=1, routed)           0.353    15.170    u_vga_top/gen_obs[4].u_or/r[3]_i_581_n_0
    SLICE_X17Y67         CARRY4 (Prop_carry4_CYINIT_CO[3])
                                                      0.346    15.516 r  u_vga_top/gen_obs[4].u_or/r_reg[3]_i_319/CO[3]
                         net (fo=1, routed)           0.000    15.516    u_vga_top/gen_obs[4].u_or/r_reg[3]_i_319_n_0
    SLICE_X17Y68         CARRY4 (Prop_carry4_CI_CO[3])
                                                      0.058    15.574 r  u_vga_top/gen_obs[4].u_or/r_reg[3]_i_152/CO[3]
                         net (fo=1, routed)           0.840    16.415    u_vga_top/u_vgac/r[3]_i_14[0]
    SLICE_X23Y67         LUT6 (Prop_lut6_I5_O)        0.053    16.468 r  u_vga_top/u_vgac/r[3]_i_57/O
                         net (fo=8, routed)           1.178    17.646    u_game_logic/r[1]_i_4
    SLICE_X16Y70         LUT2 (Prop_lut2_I1_O)        0.053    17.699 r  u_game_logic/r[3]_i_185/O
                         net (fo=7, routed)           0.591    18.290    u_vga_top/u_vgac/g[2]_i_11_0[4]
    SLICE_X22Y70         LUT6 (Prop_lut6_I5_O)        0.053    18.343 r  u_vga_top/u_vgac/r[3]_i_189/O
                         net (fo=1, routed)           0.456    18.799    u_game_logic/r[3]_i_17_0
    SLICE_X22Y70         LUT6 (Prop_lut6_I4_O)        0.053    18.852 r  u_game_logic/r[3]_i_73/O
                         net (fo=1, routed)           0.639    19.492    u_game_logic/r[3]_i_73_n_0
    SLICE_X17Y70         LUT6 (Prop_lut6_I1_O)        0.053    19.545 r  u_game_logic/r[3]_i_17/O
                         net (fo=1, routed)           2.119    21.664    u_vga_top/u_vgac/r_reg[3]_1
    SLICE_X17Y139        LUT6 (Prop_lut6_I4_O)        0.053    21.717 r  u_vga_top/u_vgac/r[3]_i_3/O
                         net (fo=1, routed)           0.991    22.708    u_vga_top/u_vgac/r[3]_i_3_n_0
    SLICE_X40Y143        LUT5 (Prop_lut5_I1_O)        0.053    22.761 r  u_vga_top/u_vgac/r[3]_i_1/O
                         net (fo=1, routed)           0.000    22.761    u_vga_top/u_vgac/vga_data[3]
    SLICE_X40Y143        FDRE                                         r  u_vga_top/u_vgac/r_reg[3]/D
  -------------------------------------------------------------------    -------------------





Min Delay Paths
--------------------------------------------------------------------------------------
Slack:                    inf
  Source:                 u_game_logic/led_reg[1]/C
                            (rising edge-triggered cell FDCE clocked by clk100MHZ  {rise@0.000ns fall@5.000ns period=10.000ns})
  Destination:            u_led/shift_reg[2]/D
  Path Group:             (none)
  Path Type:              Min at Fast Process Corner
  Data Path Delay:        0.320ns  (logic 0.128ns (39.939%)  route 0.192ns (60.061%))
  Logic Levels:           1  (LUT6=1)
  Clock Uncertainty:      0.025ns  ((TSJ^2 + TIJ^2)^1/2 + DJ) / 2 + PE
    Total System Jitter     (TSJ):    0.050ns
    Total Input Jitter      (TIJ):    0.000ns
    Discrete Jitter          (DJ):    0.000ns
    Phase Error              (PE):    0.000ns

    Location             Delay type                Incr(ns)  Path(ns)    Netlist Resource(s)
  -------------------------------------------------------------------    -------------------
                         (clock clk100MHZ rise edge)
                                                      0.000     0.000 r  
    AC18                                              0.000     0.000 r  clk (IN)
                         net (fo=0)                   0.000     0.000    clk
    AC18                 IBUF (Prop_ibuf_I_O)         0.146     0.146 r  clk_IBUF_inst/O
                         net (fo=1, routed)           1.074     1.220    clk_IBUF
    BUFGCTRL_X0Y0        BUFG (Prop_bufg_I_O)         0.026     1.246 r  clk_IBUF_BUFG_inst/O
                         net (fo=2995, routed)        0.536     1.782    u_game_logic/clk_IBUF_BUFG
    SLICE_X45Y150        FDCE                                         r  u_game_logic/led_reg[1]/C
  -------------------------------------------------------------------    -------------------
    SLICE_X45Y150        FDCE (Prop_fdce_C_Q)         0.100     1.882 r  u_game_logic/led_reg[1]/Q
                         net (fo=1, routed)           0.192     2.074    u_led/shift_reg[8]_0[1]
    SLICE_X46Y152        LUT6 (Prop_lut6_I5_O)        0.028     2.102 r  u_led/shift[2]_i_1/O
                         net (fo=1, routed)           0.000     2.102    u_led/shift[2]_i_1_n_0
    SLICE_X46Y152        FDRE                                         r  u_led/shift_reg[2]/D
  -------------------------------------------------------------------    -------------------

Slack:                    inf
  Source:                 u_game_logic/led_reg[0]/C
                            (rising edge-triggered cell FDCE clocked by clk100MHZ  {rise@0.000ns fall@5.000ns period=10.000ns})
  Destination:            u_led/shift_reg[1]/D
  Path Group:             (none)
  Path Type:              Min at Fast Process Corner
  Data Path Delay:        0.309ns  (logic 0.128ns (41.438%)  route 0.181ns (58.562%))
  Logic Levels:           1  (LUT6=1)
  Clock Uncertainty:      0.025ns  ((TSJ^2 + TIJ^2)^1/2 + DJ) / 2 + PE
    Total System Jitter     (TSJ):    0.050ns
    Total Input Jitter      (TIJ):    0.000ns
    Discrete Jitter          (DJ):    0.000ns
    Phase Error              (PE):    0.000ns

    Location             Delay type                Incr(ns)  Path(ns)    Netlist Resource(s)
  -------------------------------------------------------------------    -------------------
                         (clock clk100MHZ rise edge)
                                                      0.000     0.000 r  
    AC18                                              0.000     0.000 r  clk (IN)
                         net (fo=0)                   0.000     0.000    clk
    AC18                 IBUF (Prop_ibuf_I_O)         0.146     0.146 r  clk_IBUF_inst/O
                         net (fo=1, routed)           1.074     1.220    clk_IBUF
    BUFGCTRL_X0Y0        BUFG (Prop_bufg_I_O)         0.026     1.246 r  clk_IBUF_BUFG_inst/O
                         net (fo=2995, routed)        0.550     1.796    u_game_logic/clk_IBUF_BUFG
    SLICE_X45Y149        FDCE                                         r  u_game_logic/led_reg[0]/C
  -------------------------------------------------------------------    -------------------
    SLICE_X45Y149        FDCE (Prop_fdce_C_Q)         0.100     1.896 r  u_game_logic/led_reg[0]/Q
                         net (fo=1, routed)           0.181     2.077    u_led/shift_reg[8]_0[0]
    SLICE_X46Y152        LUT6 (Prop_lut6_I5_O)        0.028     2.105 r  u_led/shift[1]_i_1/O
                         net (fo=1, routed)           0.000     2.105    u_led/shift[1]_i_1_n_0
    SLICE_X46Y152        FDRE                                         r  u_led/shift_reg[1]/D
  -------------------------------------------------------------------    -------------------

Slack:                    inf
  Source:                 u_game_logic/led_reg[4]/C
                            (rising edge-triggered cell FDCE clocked by clk100MHZ  {rise@0.000ns fall@5.000ns period=10.000ns})
  Destination:            u_led/shift_reg[5]/D
  Path Group:             (none)
  Path Type:              Min at Fast Process Corner
  Data Path Delay:        0.331ns  (logic 0.146ns (44.131%)  route 0.185ns (55.869%))
  Logic Levels:           1  (LUT6=1)
  Clock Uncertainty:      0.025ns  ((TSJ^2 + TIJ^2)^1/2 + DJ) / 2 + PE
    Total System Jitter     (TSJ):    0.050ns
    Total Input Jitter      (TIJ):    0.000ns
    Discrete Jitter          (DJ):    0.000ns
    Phase Error              (PE):    0.000ns

    Location             Delay type                Incr(ns)  Path(ns)    Netlist Resource(s)
  -------------------------------------------------------------------    -------------------
                         (clock clk100MHZ rise edge)
                                                      0.000     0.000 r  
    AC18                                              0.000     0.000 r  clk (IN)
                         net (fo=0)                   0.000     0.000    clk
    AC18                 IBUF (Prop_ibuf_I_O)         0.146     0.146 r  clk_IBUF_inst/O
                         net (fo=1, routed)           1.074     1.220    clk_IBUF
    BUFGCTRL_X0Y0        BUFG (Prop_bufg_I_O)         0.026     1.246 r  clk_IBUF_BUFG_inst/O
                         net (fo=2995, routed)        0.536     1.782    u_game_logic/clk_IBUF_BUFG
    SLICE_X44Y150        FDCE                                         r  u_game_logic/led_reg[4]/C
  -------------------------------------------------------------------    -------------------
    SLICE_X44Y150        FDCE (Prop_fdce_C_Q)         0.118     1.900 r  u_game_logic/led_reg[4]/Q
                         net (fo=1, routed)           0.185     2.085    u_led/shift_reg[8]_0[4]
    SLICE_X44Y151        LUT6 (Prop_lut6_I5_O)        0.028     2.113 r  u_led/shift[5]_i_1/O
                         net (fo=1, routed)           0.000     2.113    u_led/shift[5]_i_1_n_0
    SLICE_X44Y151        FDRE                                         r  u_led/shift_reg[5]/D
  -------------------------------------------------------------------    -------------------

Slack:                    inf
  Source:                 u_game_logic/led_reg[6]/C
                            (rising edge-triggered cell FDCE clocked by clk100MHZ  {rise@0.000ns fall@5.000ns period=10.000ns})
  Destination:            u_led/shift_reg[7]/D
  Path Group:             (none)
  Path Type:              Min at Fast Process Corner
  Data Path Delay:        0.358ns  (logic 0.128ns (35.773%)  route 0.230ns (64.227%))
  Logic Levels:           1  (LUT6=1)
  Clock Uncertainty:      0.025ns  ((TSJ^2 + TIJ^2)^1/2 + DJ) / 2 + PE
    Total System Jitter     (TSJ):    0.050ns
    Total Input Jitter      (TIJ):    0.000ns
    Discrete Jitter          (DJ):    0.000ns
    Phase Error              (PE):    0.000ns

    Location             Delay type                Incr(ns)  Path(ns)    Netlist Resource(s)
  -------------------------------------------------------------------    -------------------
                         (clock clk100MHZ rise edge)
                                                      0.000     0.000 r  
    AC18                                              0.000     0.000 r  clk (IN)
                         net (fo=0)                   0.000     0.000    clk
    AC18                 IBUF (Prop_ibuf_I_O)         0.146     0.146 r  clk_IBUF_inst/O
                         net (fo=1, routed)           1.074     1.220    clk_IBUF
    BUFGCTRL_X0Y0        BUFG (Prop_bufg_I_O)         0.026     1.246 r  clk_IBUF_BUFG_inst/O
                         net (fo=2995, routed)        0.538     1.784    u_game_logic/clk_IBUF_BUFG
    SLICE_X41Y150        FDCE                                         r  u_game_logic/led_reg[6]/C
  -------------------------------------------------------------------    -------------------
    SLICE_X41Y150        FDCE (Prop_fdce_C_Q)         0.100     1.884 r  u_game_logic/led_reg[6]/Q
                         net (fo=1, routed)           0.230     2.114    u_led/shift_reg[8]_0[6]
    SLICE_X44Y151        LUT6 (Prop_lut6_I5_O)        0.028     2.142 r  u_led/shift[7]_i_1/O
                         net (fo=1, routed)           0.000     2.142    u_led/shift[7]_i_1_n_0
    SLICE_X44Y151        FDRE                                         r  u_led/shift_reg[7]/D
  -------------------------------------------------------------------    -------------------

Slack:                    inf
  Source:                 u_game_logic/led_reg[3]/C
                            (rising edge-triggered cell FDCE clocked by clk100MHZ  {rise@0.000ns fall@5.000ns period=10.000ns})
  Destination:            u_led/shift_reg[4]/D
  Path Group:             (none)
  Path Type:              Min at Fast Process Corner
  Data Path Delay:        0.359ns  (logic 0.128ns (35.681%)  route 0.231ns (64.319%))
  Logic Levels:           1  (LUT6=1)
  Clock Uncertainty:      0.025ns  ((TSJ^2 + TIJ^2)^1/2 + DJ) / 2 + PE
    Total System Jitter     (TSJ):    0.050ns
    Total Input Jitter      (TIJ):    0.000ns
    Discrete Jitter          (DJ):    0.000ns
    Phase Error              (PE):    0.000ns

    Location             Delay type                Incr(ns)  Path(ns)    Netlist Resource(s)
  -------------------------------------------------------------------    -------------------
                         (clock clk100MHZ rise edge)
                                                      0.000     0.000 r  
    AC18                                              0.000     0.000 r  clk (IN)
                         net (fo=0)                   0.000     0.000    clk
    AC18                 IBUF (Prop_ibuf_I_O)         0.146     0.146 r  clk_IBUF_inst/O
                         net (fo=1, routed)           1.074     1.220    clk_IBUF
    BUFGCTRL_X0Y0        BUFG (Prop_bufg_I_O)         0.026     1.246 r  clk_IBUF_BUFG_inst/O
                         net (fo=2995, routed)        0.538     1.784    u_game_logic/clk_IBUF_BUFG
    SLICE_X41Y151        FDCE                                         r  u_game_logic/led_reg[3]/C
  -------------------------------------------------------------------    -------------------
    SLICE_X41Y151        FDCE (Prop_fdce_C_Q)         0.100     1.884 r  u_game_logic/led_reg[3]/Q
                         net (fo=1, routed)           0.231     2.115    u_led/shift_reg[8]_0[3]
    SLICE_X44Y152        LUT6 (Prop_lut6_I5_O)        0.028     2.143 r  u_led/shift[4]_i_1/O
                         net (fo=1, routed)           0.000     2.143    u_led/shift[4]_i_1_n_0
    SLICE_X44Y152        FDRE                                         r  u_led/shift_reg[4]/D
  -------------------------------------------------------------------    -------------------

Slack:                    inf
  Source:                 u_game_logic/led_reg[2]/C
                            (rising edge-triggered cell FDCE clocked by clk100MHZ  {rise@0.000ns fall@5.000ns period=10.000ns})
  Destination:            u_led/shift_reg[3]/D
  Path Group:             (none)
  Path Type:              Min at Fast Process Corner
  Data Path Delay:        0.369ns  (logic 0.128ns (34.735%)  route 0.241ns (65.266%))
  Logic Levels:           1  (LUT6=1)
  Clock Uncertainty:      0.025ns  ((TSJ^2 + TIJ^2)^1/2 + DJ) / 2 + PE
    Total System Jitter     (TSJ):    0.050ns
    Total Input Jitter      (TIJ):    0.000ns
    Discrete Jitter          (DJ):    0.000ns
    Phase Error              (PE):    0.000ns

    Location             Delay type                Incr(ns)  Path(ns)    Netlist Resource(s)
  -------------------------------------------------------------------    -------------------
                         (clock clk100MHZ rise edge)
                                                      0.000     0.000 r  
    AC18                                              0.000     0.000 r  clk (IN)
                         net (fo=0)                   0.000     0.000    clk
    AC18                 IBUF (Prop_ibuf_I_O)         0.146     0.146 r  clk_IBUF_inst/O
                         net (fo=1, routed)           1.074     1.220    clk_IBUF
    BUFGCTRL_X0Y0        BUFG (Prop_bufg_I_O)         0.026     1.246 r  clk_IBUF_BUFG_inst/O
                         net (fo=2995, routed)        0.537     1.783    u_game_logic/clk_IBUF_BUFG
    SLICE_X43Y151        FDCE                                         r  u_game_logic/led_reg[2]/C
  -------------------------------------------------------------------    -------------------
    SLICE_X43Y151        FDCE (Prop_fdce_C_Q)         0.100     1.883 r  u_game_logic/led_reg[2]/Q
                         net (fo=1, routed)           0.241     2.123    u_led/shift_reg[8]_0[2]
    SLICE_X44Y152        LUT6 (Prop_lut6_I5_O)        0.028     2.151 r  u_led/shift[3]_i_1/O
                         net (fo=1, routed)           0.000     2.151    u_led/shift[3]_i_1_n_0
    SLICE_X44Y152        FDRE                                         r  u_led/shift_reg[3]/D
  -------------------------------------------------------------------    -------------------

Slack:                    inf
  Source:                 u_game_logic/led_reg[5]/C
                            (rising edge-triggered cell FDCE clocked by clk100MHZ  {rise@0.000ns fall@5.000ns period=10.000ns})
  Destination:            u_led/shift_reg[6]/D
  Path Group:             (none)
  Path Type:              Min at Fast Process Corner
  Data Path Delay:        0.419ns  (logic 0.128ns (30.571%)  route 0.291ns (69.429%))
  Logic Levels:           1  (LUT6=1)
  Clock Uncertainty:      0.025ns  ((TSJ^2 + TIJ^2)^1/2 + DJ) / 2 + PE
    Total System Jitter     (TSJ):    0.050ns
    Total Input Jitter      (TIJ):    0.000ns
    Discrete Jitter          (DJ):    0.000ns
    Phase Error              (PE):    0.000ns

    Location             Delay type                Incr(ns)  Path(ns)    Netlist Resource(s)
  -------------------------------------------------------------------    -------------------
                         (clock clk100MHZ rise edge)
                                                      0.000     0.000 r  
    AC18                                              0.000     0.000 r  clk (IN)
                         net (fo=0)                   0.000     0.000    clk
    AC18                 IBUF (Prop_ibuf_I_O)         0.146     0.146 r  clk_IBUF_inst/O
                         net (fo=1, routed)           1.074     1.220    clk_IBUF
    BUFGCTRL_X0Y0        BUFG (Prop_bufg_I_O)         0.026     1.246 r  clk_IBUF_BUFG_inst/O
                         net (fo=2995, routed)        0.538     1.784    u_game_logic/clk_IBUF_BUFG
    SLICE_X41Y151        FDCE                                         r  u_game_logic/led_reg[5]/C
  -------------------------------------------------------------------    -------------------
    SLICE_X41Y151        FDCE (Prop_fdce_C_Q)         0.100     1.884 r  u_game_logic/led_reg[5]/Q
                         net (fo=1, routed)           0.291     2.174    u_led/shift_reg[8]_0[5]
    SLICE_X44Y151        LUT6 (Prop_lut6_I5_O)        0.028     2.202 r  u_led/shift[6]_i_1/O
                         net (fo=1, routed)           0.000     2.202    u_led/shift[6]_i_1_n_0
    SLICE_X44Y151        FDRE                                         r  u_led/shift_reg[6]/D
  -------------------------------------------------------------------    -------------------

Slack:                    inf
  Source:                 u_game_logic/led_reg[7]/C
                            (rising edge-triggered cell FDCE clocked by clk100MHZ  {rise@0.000ns fall@5.000ns period=10.000ns})
  Destination:            u_led/shift_reg[8]/D
  Path Group:             (none)
  Path Type:              Min at Fast Process Corner
  Data Path Delay:        0.427ns  (logic 0.146ns (34.198%)  route 0.281ns (65.802%))
  Logic Levels:           1  (LUT6=1)
  Clock Uncertainty:      0.025ns  ((TSJ^2 + TIJ^2)^1/2 + DJ) / 2 + PE
    Total System Jitter     (TSJ):    0.050ns
    Total Input Jitter      (TIJ):    0.000ns
    Discrete Jitter          (DJ):    0.000ns
    Phase Error              (PE):    0.000ns

    Location             Delay type                Incr(ns)  Path(ns)    Netlist Resource(s)
  -------------------------------------------------------------------    -------------------
                         (clock clk100MHZ rise edge)
                                                      0.000     0.000 r  
    AC18                                              0.000     0.000 r  clk (IN)
                         net (fo=0)                   0.000     0.000    clk
    AC18                 IBUF (Prop_ibuf_I_O)         0.146     0.146 r  clk_IBUF_inst/O
                         net (fo=1, routed)           1.074     1.220    clk_IBUF
    BUFGCTRL_X0Y0        BUFG (Prop_bufg_I_O)         0.026     1.246 r  clk_IBUF_BUFG_inst/O
                         net (fo=2995, routed)        0.536     1.782    u_game_logic/clk_IBUF_BUFG
    SLICE_X44Y150        FDCE                                         r  u_game_logic/led_reg[7]/C
  -------------------------------------------------------------------    -------------------
    SLICE_X44Y150        FDCE (Prop_fdce_C_Q)         0.118     1.900 r  u_game_logic/led_reg[7]/Q
                         net (fo=1, routed)           0.281     2.181    u_led/shift_reg[8]_0[7]
    SLICE_X44Y152        LUT6 (Prop_lut6_I5_O)        0.028     2.209 r  u_led/shift[8]_i_1/O
                         net (fo=1, routed)           0.000     2.209    u_led/shift[8]_i_1_n_0
    SLICE_X44Y152        FDRE                                         r  u_led/shift_reg[8]/D
  -------------------------------------------------------------------    -------------------

Slack:                    inf
  Source:                 u_game_logic/seg_data_reg[13]/C
                            (rising edge-triggered cell FDCE clocked by clk100MHZ  {rise@0.000ns fall@5.000ns period=10.000ns})
  Destination:            u_seg7/U2/shift_reg[62]/D
  Path Group:             (none)
  Path Type:              Min at Fast Process Corner
  Data Path Delay:        0.461ns  (logic 0.199ns (43.150%)  route 0.262ns (56.850%))
  Logic Levels:           2  (LUT4=1 LUT6=1)
  Clock Uncertainty:      0.025ns  ((TSJ^2 + TIJ^2)^1/2 + DJ) / 2 + PE
    Total System Jitter     (TSJ):    0.050ns
    Total Input Jitter      (TIJ):    0.000ns
    Discrete Jitter          (DJ):    0.000ns
    Phase Error              (PE):    0.000ns

    Location             Delay type                Incr(ns)  Path(ns)    Netlist Resource(s)
  -------------------------------------------------------------------    -------------------
                         (clock clk100MHZ rise edge)
                                                      0.000     0.000 r  
    AC18                                              0.000     0.000 r  clk (IN)
                         net (fo=0)                   0.000     0.000    clk
    AC18                 IBUF (Prop_ibuf_I_O)         0.146     0.146 r  clk_IBUF_inst/O
                         net (fo=1, routed)           1.074     1.220    clk_IBUF
    BUFGCTRL_X0Y0        BUFG (Prop_bufg_I_O)         0.026     1.246 r  clk_IBUF_BUFG_inst/O
                         net (fo=2995, routed)        0.532     1.778    u_game_logic/clk_IBUF_BUFG
    SLICE_X48Y150        FDCE                                         r  u_game_logic/seg_data_reg[13]/C
  -------------------------------------------------------------------    -------------------
    SLICE_X48Y150        FDCE (Prop_fdce_C_Q)         0.100     1.878 r  u_game_logic/seg_data_reg[13]/Q
                         net (fo=7, routed)           0.155     2.033    u_game_logic/seg_data[13]
    SLICE_X48Y150        LUT4 (Prop_lut4_I1_O)        0.030     2.063 f  u_game_logic/shift[62]_i_2/O
                         net (fo=1, routed)           0.107     2.170    u_seg7/U2/shift_reg[62]_0
    SLICE_X50Y150        LUT6 (Prop_lut6_I1_O)        0.069     2.239 r  u_seg7/U2/shift[62]_i_1/O
                         net (fo=1, routed)           0.000     2.239    u_seg7/U2/shift[62]_i_1_n_0
    SLICE_X50Y150        FDRE                                         r  u_seg7/U2/shift_reg[62]/D
  -------------------------------------------------------------------    -------------------

Slack:                    inf
  Source:                 u_game_logic/seg_data_reg[9]/C
                            (rising edge-triggered cell FDCE clocked by clk100MHZ  {rise@0.000ns fall@5.000ns period=10.000ns})
  Destination:            u_seg7/U2/shift_reg[52]/D
  Path Group:             (none)
  Path Type:              Min at Fast Process Corner
  Data Path Delay:        0.519ns  (logic 0.156ns (30.055%)  route 0.363ns (69.945%))
  Logic Levels:           2  (LUT4=1 LUT6=1)
  Clock Uncertainty:      0.025ns  ((TSJ^2 + TIJ^2)^1/2 + DJ) / 2 + PE
    Total System Jitter     (TSJ):    0.050ns
    Total Input Jitter      (TIJ):    0.000ns
    Discrete Jitter          (DJ):    0.000ns
    Phase Error              (PE):    0.000ns

    Location             Delay type                Incr(ns)  Path(ns)    Netlist Resource(s)
  -------------------------------------------------------------------    -------------------
                         (clock clk100MHZ rise edge)
                                                      0.000     0.000 r  
    AC18                                              0.000     0.000 r  clk (IN)
                         net (fo=0)                   0.000     0.000    clk
    AC18                 IBUF (Prop_ibuf_I_O)         0.146     0.146 r  clk_IBUF_inst/O
                         net (fo=1, routed)           1.074     1.220    clk_IBUF
    BUFGCTRL_X0Y0        BUFG (Prop_bufg_I_O)         0.026     1.246 r  clk_IBUF_BUFG_inst/O
                         net (fo=2995, routed)        0.545     1.791    u_game_logic/clk_IBUF_BUFG
    SLICE_X49Y146        FDCE                                         r  u_game_logic/seg_data_reg[9]/C
  -------------------------------------------------------------------    -------------------
    SLICE_X49Y146        FDCE (Prop_fdce_C_Q)         0.100     1.891 r  u_game_logic/seg_data_reg[9]/Q
                         net (fo=7, routed)           0.159     2.050    u_game_logic/seg_data[9]
    SLICE_X50Y147        LUT4 (Prop_lut4_I2_O)        0.028     2.078 f  u_game_logic/shift[52]_i_2/O
                         net (fo=1, routed)           0.204     2.282    u_seg7/U2/shift_reg[52]_0
    SLICE_X50Y153        LUT6 (Prop_lut6_I1_O)        0.028     2.310 r  u_seg7/U2/shift[52]_i_1/O
                         net (fo=1, routed)           0.000     2.310    u_seg7/U2/shift[52]_i_1_n_0
    SLICE_X50Y153        FDRE                                         r  u_seg7/U2/shift_reg[52]/D
  -------------------------------------------------------------------    -------------------





--------------------------------------------------------------------------------------
Path Group:  (none)
From Clock:  
  To Clock:  clk100MHZ

Max Delay          3501 Endpoints
Min Delay          3501 Endpoints
--------------------------------------------------------------------------------------


Max Delay Paths
--------------------------------------------------------------------------------------
Slack:                    inf
  Source:                 rstn
                            (input port)
  Destination:            u_game_logic/en_hp_r_reg[5]/CLR
                            (recovery check against rising-edge clock clk100MHZ  {rise@0.000ns fall@5.000ns period=10.000ns})
  Path Group:             (none)
  Path Type:              Recovery (Max at Slow Process Corner)
  Data Path Delay:        18.728ns  (logic 0.717ns (3.830%)  route 18.011ns (96.170%))
  Logic Levels:           2  (IBUF=1 LUT1=1)
  Clock Path Skew:        4.510ns (DCD - SCD + CPR)
    Destination Clock Delay (DCD):    4.510ns
    Source Clock Delay      (SCD):    0.000ns
    Clock Pessimism Removal (CPR):    0.000ns
  Clock Uncertainty:      0.025ns  ((TSJ^2 + TIJ^2)^1/2 + DJ) / 2 + PE
    Total System Jitter     (TSJ):    0.050ns
    Total Input Jitter      (TIJ):    0.000ns
    Discrete Jitter          (DJ):    0.000ns
    Phase Error              (PE):    0.000ns

    Location             Delay type                Incr(ns)  Path(ns)    Netlist Resource(s)
  -------------------------------------------------------------------    -------------------
    W13                                               0.000     0.000 r  rstn (IN)
                         net (fo=0)                   0.000     0.000    rstn
    W13                  IBUF (Prop_ibuf_I_O)         0.664     0.664 r  rstn_IBUF_inst/O
                         net (fo=3, routed)           2.566     3.230    u_game_logic/rstn_IBUF
    SLICE_X80Y72         LUT1 (Prop_lut1_I0_O)        0.053     3.283 f  u_game_logic/v_count[9]_i_4/O
                         net (fo=3008, routed)       15.445    18.728    u_game_logic/rstn
    SLICE_X22Y121        FDCE                                         f  u_game_logic/en_hp_r_reg[5]/CLR
  -------------------------------------------------------------------    -------------------

                         (clock clk100MHZ rise edge)
                                                      0.000     0.000 r  
    AC18                                              0.000     0.000 r  clk (IN)
                         net (fo=0)                   0.000     0.000    clk
    AC18                 IBUF (Prop_ibuf_I_O)         0.620     0.620 r  clk_IBUF_inst/O
                         net (fo=1, routed)           2.447     3.067    clk_IBUF
    BUFGCTRL_X0Y0        BUFG (Prop_bufg_I_O)         0.113     3.180 r  clk_IBUF_BUFG_inst/O
                         net (fo=2995, routed)        1.330     4.510    u_game_logic/clk_IBUF_BUFG
    SLICE_X22Y121        FDCE                                         r  u_game_logic/en_hp_r_reg[5]/C

Slack:                    inf
  Source:                 rstn
                            (input port)
  Destination:            u_game_logic/en_x_r_reg[49]/CLR
                            (recovery check against rising-edge clock clk100MHZ  {rise@0.000ns fall@5.000ns period=10.000ns})
  Path Group:             (none)
  Path Type:              Recovery (Max at Slow Process Corner)
  Data Path Delay:        18.721ns  (logic 0.717ns (3.831%)  route 18.004ns (96.169%))
  Logic Levels:           2  (IBUF=1 LUT1=1)
  Clock Path Skew:        4.506ns (DCD - SCD + CPR)
    Destination Clock Delay (DCD):    4.506ns
    Source Clock Delay      (SCD):    0.000ns
    Clock Pessimism Removal (CPR):    0.000ns
  Clock Uncertainty:      0.025ns  ((TSJ^2 + TIJ^2)^1/2 + DJ) / 2 + PE
    Total System Jitter     (TSJ):    0.050ns
    Total Input Jitter      (TIJ):    0.000ns
    Discrete Jitter          (DJ):    0.000ns
    Phase Error              (PE):    0.000ns

    Location             Delay type                Incr(ns)  Path(ns)    Netlist Resource(s)
  -------------------------------------------------------------------    -------------------
    W13                                               0.000     0.000 r  rstn (IN)
                         net (fo=0)                   0.000     0.000    rstn
    W13                  IBUF (Prop_ibuf_I_O)         0.664     0.664 r  rstn_IBUF_inst/O
                         net (fo=3, routed)           2.566     3.230    u_game_logic/rstn_IBUF
    SLICE_X80Y72         LUT1 (Prop_lut1_I0_O)        0.053     3.283 f  u_game_logic/v_count[9]_i_4/O
                         net (fo=3008, routed)       15.438    18.721    u_game_logic/rstn
    SLICE_X23Y124        FDCE                                         f  u_game_logic/en_x_r_reg[49]/CLR
  -------------------------------------------------------------------    -------------------

                         (clock clk100MHZ rise edge)
                                                      0.000     0.000 r  
    AC18                                              0.000     0.000 r  clk (IN)
                         net (fo=0)                   0.000     0.000    clk
    AC18                 IBUF (Prop_ibuf_I_O)         0.620     0.620 r  clk_IBUF_inst/O
                         net (fo=1, routed)           2.447     3.067    clk_IBUF
    BUFGCTRL_X0Y0        BUFG (Prop_bufg_I_O)         0.113     3.180 r  clk_IBUF_BUFG_inst/O
                         net (fo=2995, routed)        1.326     4.506    u_game_logic/clk_IBUF_BUFG
    SLICE_X23Y124        FDCE                                         r  u_game_logic/en_x_r_reg[49]/C

Slack:                    inf
  Source:                 rstn
                            (input port)
  Destination:            u_game_logic/en_hp_r_reg[9]/CLR
                            (recovery check against rising-edge clock clk100MHZ  {rise@0.000ns fall@5.000ns period=10.000ns})
  Path Group:             (none)
  Path Type:              Recovery (Max at Slow Process Corner)
  Data Path Delay:        18.658ns  (logic 0.717ns (3.844%)  route 17.941ns (96.156%))
  Logic Levels:           2  (IBUF=1 LUT1=1)
  Clock Path Skew:        4.510ns (DCD - SCD + CPR)
    Destination Clock Delay (DCD):    4.510ns
    Source Clock Delay      (SCD):    0.000ns
    Clock Pessimism Removal (CPR):    0.000ns
  Clock Uncertainty:      0.025ns  ((TSJ^2 + TIJ^2)^1/2 + DJ) / 2 + PE
    Total System Jitter     (TSJ):    0.050ns
    Total Input Jitter      (TIJ):    0.000ns
    Discrete Jitter          (DJ):    0.000ns
    Phase Error              (PE):    0.000ns

    Location             Delay type                Incr(ns)  Path(ns)    Netlist Resource(s)
  -------------------------------------------------------------------    -------------------
    W13                                               0.000     0.000 r  rstn (IN)
                         net (fo=0)                   0.000     0.000    rstn
    W13                  IBUF (Prop_ibuf_I_O)         0.664     0.664 r  rstn_IBUF_inst/O
                         net (fo=3, routed)           2.566     3.230    u_game_logic/rstn_IBUF
    SLICE_X80Y72         LUT1 (Prop_lut1_I0_O)        0.053     3.283 f  u_game_logic/v_count[9]_i_4/O
                         net (fo=3008, routed)       15.376    18.658    u_game_logic/rstn
    SLICE_X20Y121        FDCE                                         f  u_game_logic/en_hp_r_reg[9]/CLR
  -------------------------------------------------------------------    -------------------

                         (clock clk100MHZ rise edge)
                                                      0.000     0.000 r  
    AC18                                              0.000     0.000 r  clk (IN)
                         net (fo=0)                   0.000     0.000    clk
    AC18                 IBUF (Prop_ibuf_I_O)         0.620     0.620 r  clk_IBUF_inst/O
                         net (fo=1, routed)           2.447     3.067    clk_IBUF
    BUFGCTRL_X0Y0        BUFG (Prop_bufg_I_O)         0.113     3.180 r  clk_IBUF_BUFG_inst/O
                         net (fo=2995, routed)        1.330     4.510    u_game_logic/clk_IBUF_BUFG
    SLICE_X20Y121        FDCE                                         r  u_game_logic/en_hp_r_reg[9]/C

Slack:                    inf
  Source:                 rstn
                            (input port)
  Destination:            u_game_logic/en_y_r_reg[19]/CLR
                            (recovery check against rising-edge clock clk100MHZ  {rise@0.000ns fall@5.000ns period=10.000ns})
  Path Group:             (none)
  Path Type:              Recovery (Max at Slow Process Corner)
  Data Path Delay:        18.658ns  (logic 0.717ns (3.844%)  route 17.941ns (96.156%))
  Logic Levels:           2  (IBUF=1 LUT1=1)
  Clock Path Skew:        4.510ns (DCD - SCD + CPR)
    Destination Clock Delay (DCD):    4.510ns
    Source Clock Delay      (SCD):    0.000ns
    Clock Pessimism Removal (CPR):    0.000ns
  Clock Uncertainty:      0.025ns  ((TSJ^2 + TIJ^2)^1/2 + DJ) / 2 + PE
    Total System Jitter     (TSJ):    0.050ns
    Total Input Jitter      (TIJ):    0.000ns
    Discrete Jitter          (DJ):    0.000ns
    Phase Error              (PE):    0.000ns

    Location             Delay type                Incr(ns)  Path(ns)    Netlist Resource(s)
  -------------------------------------------------------------------    -------------------
    W13                                               0.000     0.000 r  rstn (IN)
                         net (fo=0)                   0.000     0.000    rstn
    W13                  IBUF (Prop_ibuf_I_O)         0.664     0.664 r  rstn_IBUF_inst/O
                         net (fo=3, routed)           2.566     3.230    u_game_logic/rstn_IBUF
    SLICE_X80Y72         LUT1 (Prop_lut1_I0_O)        0.053     3.283 f  u_game_logic/v_count[9]_i_4/O
                         net (fo=3008, routed)       15.376    18.658    u_game_logic/rstn
    SLICE_X21Y121        FDCE                                         f  u_game_logic/en_y_r_reg[19]/CLR
  -------------------------------------------------------------------    -------------------

                         (clock clk100MHZ rise edge)
                                                      0.000     0.000 r  
    AC18                                              0.000     0.000 r  clk (IN)
                         net (fo=0)                   0.000     0.000    clk
    AC18                 IBUF (Prop_ibuf_I_O)         0.620     0.620 r  clk_IBUF_inst/O
                         net (fo=1, routed)           2.447     3.067    clk_IBUF
    BUFGCTRL_X0Y0        BUFG (Prop_bufg_I_O)         0.113     3.180 r  clk_IBUF_BUFG_inst/O
                         net (fo=2995, routed)        1.330     4.510    u_game_logic/clk_IBUF_BUFG
    SLICE_X21Y121        FDCE                                         r  u_game_logic/en_y_r_reg[19]/C

Slack:                    inf
  Source:                 rstn
                            (input port)
  Destination:            u_game_logic/en_y_r_reg[22]/CLR
                            (recovery check against rising-edge clock clk100MHZ  {rise@0.000ns fall@5.000ns period=10.000ns})
  Path Group:             (none)
  Path Type:              Recovery (Max at Slow Process Corner)
  Data Path Delay:        18.658ns  (logic 0.717ns (3.844%)  route 17.941ns (96.156%))
  Logic Levels:           2  (IBUF=1 LUT1=1)
  Clock Path Skew:        4.510ns (DCD - SCD + CPR)
    Destination Clock Delay (DCD):    4.510ns
    Source Clock Delay      (SCD):    0.000ns
    Clock Pessimism Removal (CPR):    0.000ns
  Clock Uncertainty:      0.025ns  ((TSJ^2 + TIJ^2)^1/2 + DJ) / 2 + PE
    Total System Jitter     (TSJ):    0.050ns
    Total Input Jitter      (TIJ):    0.000ns
    Discrete Jitter          (DJ):    0.000ns
    Phase Error              (PE):    0.000ns

    Location             Delay type                Incr(ns)  Path(ns)    Netlist Resource(s)
  -------------------------------------------------------------------    -------------------
    W13                                               0.000     0.000 r  rstn (IN)
                         net (fo=0)                   0.000     0.000    rstn
    W13                  IBUF (Prop_ibuf_I_O)         0.664     0.664 r  rstn_IBUF_inst/O
                         net (fo=3, routed)           2.566     3.230    u_game_logic/rstn_IBUF
    SLICE_X80Y72         LUT1 (Prop_lut1_I0_O)        0.053     3.283 f  u_game_logic/v_count[9]_i_4/O
                         net (fo=3008, routed)       15.376    18.658    u_game_logic/rstn
    SLICE_X21Y121        FDCE                                         f  u_game_logic/en_y_r_reg[22]/CLR
  -------------------------------------------------------------------    -------------------

                         (clock clk100MHZ rise edge)
                                                      0.000     0.000 r  
    AC18                                              0.000     0.000 r  clk (IN)
                         net (fo=0)                   0.000     0.000    clk
    AC18                 IBUF (Prop_ibuf_I_O)         0.620     0.620 r  clk_IBUF_inst/O
                         net (fo=1, routed)           2.447     3.067    clk_IBUF
    BUFGCTRL_X0Y0        BUFG (Prop_bufg_I_O)         0.113     3.180 r  clk_IBUF_BUFG_inst/O
                         net (fo=2995, routed)        1.330     4.510    u_game_logic/clk_IBUF_BUFG
    SLICE_X21Y121        FDCE                                         r  u_game_logic/en_y_r_reg[22]/C

Slack:                    inf
  Source:                 rstn
                            (input port)
  Destination:            u_game_logic/en_x_r_reg[43]/CLR
                            (recovery check against rising-edge clock clk100MHZ  {rise@0.000ns fall@5.000ns period=10.000ns})
  Path Group:             (none)
  Path Type:              Recovery (Max at Slow Process Corner)
  Data Path Delay:        18.618ns  (logic 0.717ns (3.853%)  route 17.900ns (96.147%))
  Logic Levels:           2  (IBUF=1 LUT1=1)
  Clock Path Skew:        4.508ns (DCD - SCD + CPR)
    Destination Clock Delay (DCD):    4.508ns
    Source Clock Delay      (SCD):    0.000ns
    Clock Pessimism Removal (CPR):    0.000ns
  Clock Uncertainty:      0.025ns  ((TSJ^2 + TIJ^2)^1/2 + DJ) / 2 + PE
    Total System Jitter     (TSJ):    0.050ns
    Total Input Jitter      (TIJ):    0.000ns
    Discrete Jitter          (DJ):    0.000ns
    Phase Error              (PE):    0.000ns

    Location             Delay type                Incr(ns)  Path(ns)    Netlist Resource(s)
  -------------------------------------------------------------------    -------------------
    W13                                               0.000     0.000 r  rstn (IN)
                         net (fo=0)                   0.000     0.000    rstn
    W13                  IBUF (Prop_ibuf_I_O)         0.664     0.664 r  rstn_IBUF_inst/O
                         net (fo=3, routed)           2.566     3.230    u_game_logic/rstn_IBUF
    SLICE_X80Y72         LUT1 (Prop_lut1_I0_O)        0.053     3.283 f  u_game_logic/v_count[9]_i_4/O
                         net (fo=3008, routed)       15.335    18.618    u_game_logic/rstn
    SLICE_X23Y123        FDCE                                         f  u_game_logic/en_x_r_reg[43]/CLR
  -------------------------------------------------------------------    -------------------

                         (clock clk100MHZ rise edge)
                                                      0.000     0.000 r  
    AC18                                              0.000     0.000 r  clk (IN)
                         net (fo=0)                   0.000     0.000    clk
    AC18                 IBUF (Prop_ibuf_I_O)         0.620     0.620 r  clk_IBUF_inst/O
                         net (fo=1, routed)           2.447     3.067    clk_IBUF
    BUFGCTRL_X0Y0        BUFG (Prop_bufg_I_O)         0.113     3.180 r  clk_IBUF_BUFG_inst/O
                         net (fo=2995, routed)        1.328     4.508    u_game_logic/clk_IBUF_BUFG
    SLICE_X23Y123        FDCE                                         r  u_game_logic/en_x_r_reg[43]/C

Slack:                    inf
  Source:                 rstn
                            (input port)
  Destination:            u_game_logic/en_x_r_reg[48]/CLR
                            (recovery check against rising-edge clock clk100MHZ  {rise@0.000ns fall@5.000ns period=10.000ns})
  Path Group:             (none)
  Path Type:              Recovery (Max at Slow Process Corner)
  Data Path Delay:        18.618ns  (logic 0.717ns (3.853%)  route 17.900ns (96.147%))
  Logic Levels:           2  (IBUF=1 LUT1=1)
  Clock Path Skew:        4.508ns (DCD - SCD + CPR)
    Destination Clock Delay (DCD):    4.508ns
    Source Clock Delay      (SCD):    0.000ns
    Clock Pessimism Removal (CPR):    0.000ns
  Clock Uncertainty:      0.025ns  ((TSJ^2 + TIJ^2)^1/2 + DJ) / 2 + PE
    Total System Jitter     (TSJ):    0.050ns
    Total Input Jitter      (TIJ):    0.000ns
    Discrete Jitter          (DJ):    0.000ns
    Phase Error              (PE):    0.000ns

    Location             Delay type                Incr(ns)  Path(ns)    Netlist Resource(s)
  -------------------------------------------------------------------    -------------------
    W13                                               0.000     0.000 r  rstn (IN)
                         net (fo=0)                   0.000     0.000    rstn
    W13                  IBUF (Prop_ibuf_I_O)         0.664     0.664 r  rstn_IBUF_inst/O
                         net (fo=3, routed)           2.566     3.230    u_game_logic/rstn_IBUF
    SLICE_X80Y72         LUT1 (Prop_lut1_I0_O)        0.053     3.283 f  u_game_logic/v_count[9]_i_4/O
                         net (fo=3008, routed)       15.335    18.618    u_game_logic/rstn
    SLICE_X23Y123        FDCE                                         f  u_game_logic/en_x_r_reg[48]/CLR
  -------------------------------------------------------------------    -------------------

                         (clock clk100MHZ rise edge)
                                                      0.000     0.000 r  
    AC18                                              0.000     0.000 r  clk (IN)
                         net (fo=0)                   0.000     0.000    clk
    AC18                 IBUF (Prop_ibuf_I_O)         0.620     0.620 r  clk_IBUF_inst/O
                         net (fo=1, routed)           2.447     3.067    clk_IBUF
    BUFGCTRL_X0Y0        BUFG (Prop_bufg_I_O)         0.113     3.180 r  clk_IBUF_BUFG_inst/O
                         net (fo=2995, routed)        1.328     4.508    u_game_logic/clk_IBUF_BUFG
    SLICE_X23Y123        FDCE                                         r  u_game_logic/en_x_r_reg[48]/C

Slack:                    inf
  Source:                 rstn
                            (input port)
  Destination:            u_game_logic/en_hp_reg[8]/CLR
                            (recovery check against rising-edge clock clk100MHZ  {rise@0.000ns fall@5.000ns period=10.000ns})
  Path Group:             (none)
  Path Type:              Recovery (Max at Slow Process Corner)
  Data Path Delay:        18.541ns  (logic 0.717ns (3.869%)  route 17.823ns (96.131%))
  Logic Levels:           2  (IBUF=1 LUT1=1)
  Clock Path Skew:        4.508ns (DCD - SCD + CPR)
    Destination Clock Delay (DCD):    4.508ns
    Source Clock Delay      (SCD):    0.000ns
    Clock Pessimism Removal (CPR):    0.000ns
  Clock Uncertainty:      0.025ns  ((TSJ^2 + TIJ^2)^1/2 + DJ) / 2 + PE
    Total System Jitter     (TSJ):    0.050ns
    Total Input Jitter      (TIJ):    0.000ns
    Discrete Jitter          (DJ):    0.000ns
    Phase Error              (PE):    0.000ns

    Location             Delay type                Incr(ns)  Path(ns)    Netlist Resource(s)
  -------------------------------------------------------------------    -------------------
    W13                                               0.000     0.000 r  rstn (IN)
                         net (fo=0)                   0.000     0.000    rstn
    W13                  IBUF (Prop_ibuf_I_O)         0.664     0.664 r  rstn_IBUF_inst/O
                         net (fo=3, routed)           2.566     3.230    u_game_logic/rstn_IBUF
    SLICE_X80Y72         LUT1 (Prop_lut1_I0_O)        0.053     3.283 f  u_game_logic/v_count[9]_i_4/O
                         net (fo=3008, routed)       15.258    18.541    u_game_logic/rstn
    SLICE_X21Y123        FDCE                                         f  u_game_logic/en_hp_reg[8]/CLR
  -------------------------------------------------------------------    -------------------

                         (clock clk100MHZ rise edge)
                                                      0.000     0.000 r  
    AC18                                              0.000     0.000 r  clk (IN)
                         net (fo=0)                   0.000     0.000    clk
    AC18                 IBUF (Prop_ibuf_I_O)         0.620     0.620 r  clk_IBUF_inst/O
                         net (fo=1, routed)           2.447     3.067    clk_IBUF
    BUFGCTRL_X0Y0        BUFG (Prop_bufg_I_O)         0.113     3.180 r  clk_IBUF_BUFG_inst/O
                         net (fo=2995, routed)        1.328     4.508    u_game_logic/clk_IBUF_BUFG
    SLICE_X21Y123        FDCE                                         r  u_game_logic/en_hp_reg[8]/C

Slack:                    inf
  Source:                 rstn
                            (input port)
  Destination:            u_game_logic/en_hp_reg[9]/CLR
                            (recovery check against rising-edge clock clk100MHZ  {rise@0.000ns fall@5.000ns period=10.000ns})
  Path Group:             (none)
  Path Type:              Recovery (Max at Slow Process Corner)
  Data Path Delay:        18.541ns  (logic 0.717ns (3.869%)  route 17.823ns (96.131%))
  Logic Levels:           2  (IBUF=1 LUT1=1)
  Clock Path Skew:        4.508ns (DCD - SCD + CPR)
    Destination Clock Delay (DCD):    4.508ns
    Source Clock Delay      (SCD):    0.000ns
    Clock Pessimism Removal (CPR):    0.000ns
  Clock Uncertainty:      0.025ns  ((TSJ^2 + TIJ^2)^1/2 + DJ) / 2 + PE
    Total System Jitter     (TSJ):    0.050ns
    Total Input Jitter      (TIJ):    0.000ns
    Discrete Jitter          (DJ):    0.000ns
    Phase Error              (PE):    0.000ns

    Location             Delay type                Incr(ns)  Path(ns)    Netlist Resource(s)
  -------------------------------------------------------------------    -------------------
    W13                                               0.000     0.000 r  rstn (IN)
                         net (fo=0)                   0.000     0.000    rstn
    W13                  IBUF (Prop_ibuf_I_O)         0.664     0.664 r  rstn_IBUF_inst/O
                         net (fo=3, routed)           2.566     3.230    u_game_logic/rstn_IBUF
    SLICE_X80Y72         LUT1 (Prop_lut1_I0_O)        0.053     3.283 f  u_game_logic/v_count[9]_i_4/O
                         net (fo=3008, routed)       15.258    18.541    u_game_logic/rstn
    SLICE_X21Y123        FDCE                                         f  u_game_logic/en_hp_reg[9]/CLR
  -------------------------------------------------------------------    -------------------

                         (clock clk100MHZ rise edge)
                                                      0.000     0.000 r  
    AC18                                              0.000     0.000 r  clk (IN)
                         net (fo=0)                   0.000     0.000    clk
    AC18                 IBUF (Prop_ibuf_I_O)         0.620     0.620 r  clk_IBUF_inst/O
                         net (fo=1, routed)           2.447     3.067    clk_IBUF
    BUFGCTRL_X0Y0        BUFG (Prop_bufg_I_O)         0.113     3.180 r  clk_IBUF_BUFG_inst/O
                         net (fo=2995, routed)        1.328     4.508    u_game_logic/clk_IBUF_BUFG
    SLICE_X21Y123        FDCE                                         r  u_game_logic/en_hp_reg[9]/C

Slack:                    inf
  Source:                 rstn
                            (input port)
  Destination:            u_game_logic/en_x_r_reg[46]/CLR
                            (recovery check against rising-edge clock clk100MHZ  {rise@0.000ns fall@5.000ns period=10.000ns})
  Path Group:             (none)
  Path Type:              Recovery (Max at Slow Process Corner)
  Data Path Delay:        18.541ns  (logic 0.717ns (3.869%)  route 17.823ns (96.131%))
  Logic Levels:           2  (IBUF=1 LUT1=1)
  Clock Path Skew:        4.508ns (DCD - SCD + CPR)
    Destination Clock Delay (DCD):    4.508ns
    Source Clock Delay      (SCD):    0.000ns
    Clock Pessimism Removal (CPR):    0.000ns
  Clock Uncertainty:      0.025ns  ((TSJ^2 + TIJ^2)^1/2 + DJ) / 2 + PE
    Total System Jitter     (TSJ):    0.050ns
    Total Input Jitter      (TIJ):    0.000ns
    Discrete Jitter          (DJ):    0.000ns
    Phase Error              (PE):    0.000ns

    Location             Delay type                Incr(ns)  Path(ns)    Netlist Resource(s)
  -------------------------------------------------------------------    -------------------
    W13                                               0.000     0.000 r  rstn (IN)
                         net (fo=0)                   0.000     0.000    rstn
    W13                  IBUF (Prop_ibuf_I_O)         0.664     0.664 r  rstn_IBUF_inst/O
                         net (fo=3, routed)           2.566     3.230    u_game_logic/rstn_IBUF
    SLICE_X80Y72         LUT1 (Prop_lut1_I0_O)        0.053     3.283 f  u_game_logic/v_count[9]_i_4/O
                         net (fo=3008, routed)       15.258    18.541    u_game_logic/rstn
    SLICE_X20Y123        FDCE                                         f  u_game_logic/en_x_r_reg[46]/CLR
  -------------------------------------------------------------------    -------------------

                         (clock clk100MHZ rise edge)
                                                      0.000     0.000 r  
    AC18                                              0.000     0.000 r  clk (IN)
                         net (fo=0)                   0.000     0.000    clk
    AC18                 IBUF (Prop_ibuf_I_O)         0.620     0.620 r  clk_IBUF_inst/O
                         net (fo=1, routed)           2.447     3.067    clk_IBUF
    BUFGCTRL_X0Y0        BUFG (Prop_bufg_I_O)         0.113     3.180 r  clk_IBUF_BUFG_inst/O
                         net (fo=2995, routed)        1.328     4.508    u_game_logic/clk_IBUF_BUFG
    SLICE_X20Y123        FDCE                                         r  u_game_logic/en_x_r_reg[46]/C





Min Delay Paths
--------------------------------------------------------------------------------------
Slack:                    inf
  Source:                 u_ps2/scan_code_reg[6]/C
                            (rising edge-triggered cell FDCE)
  Destination:            u_game_logic/key_a_reg/D
                            (rising edge-triggered cell FDCE clocked by clk100MHZ  {rise@0.000ns fall@5.000ns period=10.000ns})
  Path Group:             (none)
  Path Type:              Hold (Min at Fast Process Corner)
  Data Path Delay:        0.256ns  (logic 0.128ns (50.068%)  route 0.128ns (49.932%))
  Logic Levels:           2  (FDCE=1 LUT6=1)
  Clock Uncertainty:      0.025ns  ((TSJ^2 + TIJ^2)^1/2 + DJ) / 2 + PE
    Total System Jitter     (TSJ):    0.050ns
    Total Input Jitter      (TIJ):    0.000ns
    Discrete Jitter          (DJ):    0.000ns
    Phase Error              (PE):    0.000ns

    Location             Delay type                Incr(ns)  Path(ns)    Netlist Resource(s)
  -------------------------------------------------------------------    -------------------
    SLICE_X80Y126        FDCE                         0.000     0.000 r  u_ps2/scan_code_reg[6]/C
    SLICE_X80Y126        FDCE (Prop_fdce_C_Q)         0.100     0.100 r  u_ps2/scan_code_reg[6]/Q
                         net (fo=11, routed)          0.128     0.228    u_ps2/ps2_scan_code[6]
    SLICE_X78Y126        LUT6 (Prop_lut6_I4_O)        0.028     0.256 r  u_ps2/key_a_i_1/O
                         net (fo=1, routed)           0.000     0.256    u_game_logic/key_a_reg_1
    SLICE_X78Y126        FDCE                                         r  u_game_logic/key_a_reg/D
  -------------------------------------------------------------------    -------------------

                         (clock clk100MHZ rise edge)
                                                      0.000     0.000 r  
    AC18                                              0.000     0.000 r  clk (IN)
                         net (fo=0)                   0.000     0.000    clk
    AC18                 IBUF (Prop_ibuf_I_O)         0.312     0.312 r  clk_IBUF_inst/O
                         net (fo=1, routed)           1.143     1.455    clk_IBUF
    BUFGCTRL_X0Y0        BUFG (Prop_bufg_I_O)         0.030     1.485 r  clk_IBUF_BUFG_inst/O
                         net (fo=2995, routed)        0.759     2.244    u_game_logic/clk_IBUF_BUFG
    SLICE_X78Y126        FDCE                                         r  u_game_logic/key_a_reg/C

Slack:                    inf
  Source:                 gb[4].u/O_reg/C
                            (rising edge-triggered cell FDRE)
  Destination:            u_game_logic/btn_fire_d_reg/D
                            (rising edge-triggered cell FDCE clocked by clk100MHZ  {rise@0.000ns fall@5.000ns period=10.000ns})
  Path Group:             (none)
  Path Type:              Hold (Min at Fast Process Corner)
  Data Path Delay:        0.282ns  (logic 0.100ns (35.474%)  route 0.182ns (64.526%))
  Logic Levels:           1  (FDRE=1)
  Clock Uncertainty:      0.025ns  ((TSJ^2 + TIJ^2)^1/2 + DJ) / 2 + PE
    Total System Jitter     (TSJ):    0.050ns
    Total Input Jitter      (TIJ):    0.000ns
    Discrete Jitter          (DJ):    0.000ns
    Phase Error              (PE):    0.000ns

    Location             Delay type                Incr(ns)  Path(ns)    Netlist Resource(s)
  -------------------------------------------------------------------    -------------------
    SLICE_X80Y132        FDRE                         0.000     0.000 r  gb[4].u/O_reg/C
    SLICE_X80Y132        FDRE (Prop_fdre_C_Q)         0.100     0.100 r  gb[4].u/O_reg/Q
                         net (fo=5, routed)           0.182     0.282    u_game_logic/btn_db[4]
    SLICE_X79Y130        FDCE                                         r  u_game_logic/btn_fire_d_reg/D
  -------------------------------------------------------------------    -------------------

                         (clock clk100MHZ rise edge)
                                                      0.000     0.000 r  
    AC18                                              0.000     0.000 r  clk (IN)
                         net (fo=0)                   0.000     0.000    clk
    AC18                 IBUF (Prop_ibuf_I_O)         0.312     0.312 r  clk_IBUF_inst/O
                         net (fo=1, routed)           1.143     1.455    clk_IBUF
    BUFGCTRL_X0Y0        BUFG (Prop_bufg_I_O)         0.030     1.485 r  clk_IBUF_BUFG_inst/O
                         net (fo=2995, routed)        0.764     2.249    u_game_logic/clk_IBUF_BUFG
    SLICE_X79Y130        FDCE                                         r  u_game_logic/btn_fire_d_reg/C

Slack:                    inf
  Source:                 u_ps2/scan_code_reg[7]/C
                            (rising edge-triggered cell FDCE)
  Destination:            u_game_logic/key_w_reg/D
                            (rising edge-triggered cell FDCE clocked by clk100MHZ  {rise@0.000ns fall@5.000ns period=10.000ns})
  Path Group:             (none)
  Path Type:              Hold (Min at Fast Process Corner)
  Data Path Delay:        0.319ns  (logic 0.128ns (40.114%)  route 0.191ns (59.886%))
  Logic Levels:           2  (FDCE=1 LUT6=1)
  Clock Uncertainty:      0.025ns  ((TSJ^2 + TIJ^2)^1/2 + DJ) / 2 + PE
    Total System Jitter     (TSJ):    0.050ns
    Total Input Jitter      (TIJ):    0.000ns
    Discrete Jitter          (DJ):    0.000ns
    Phase Error              (PE):    0.000ns

    Location             Delay type                Incr(ns)  Path(ns)    Netlist Resource(s)
  -------------------------------------------------------------------    -------------------
    SLICE_X80Y126        FDCE                         0.000     0.000 r  u_ps2/scan_code_reg[7]/C
    SLICE_X80Y126        FDCE (Prop_fdce_C_Q)         0.100     0.100 f  u_ps2/scan_code_reg[7]/Q
                         net (fo=15, routed)          0.191     0.291    u_ps2/ps2_scan_code[7]
    SLICE_X78Y126        LUT6 (Prop_lut6_I0_O)        0.028     0.319 r  u_ps2/key_w_i_1/O
                         net (fo=1, routed)           0.000     0.319    u_game_logic/key_w_reg_1
    SLICE_X78Y126        FDCE                                         r  u_game_logic/key_w_reg/D
  -------------------------------------------------------------------    -------------------

                         (clock clk100MHZ rise edge)
                                                      0.000     0.000 r  
    AC18                                              0.000     0.000 r  clk (IN)
                         net (fo=0)                   0.000     0.000    clk
    AC18                 IBUF (Prop_ibuf_I_O)         0.312     0.312 r  clk_IBUF_inst/O
                         net (fo=1, routed)           1.143     1.455    clk_IBUF
    BUFGCTRL_X0Y0        BUFG (Prop_bufg_I_O)         0.030     1.485 r  clk_IBUF_BUFG_inst/O
                         net (fo=2995, routed)        0.759     2.244    u_game_logic/clk_IBUF_BUFG
    SLICE_X78Y126        FDCE                                         r  u_game_logic/key_w_reg/C

Slack:                    inf
  Source:                 u_ps2/scan_code_reg[7]/C
                            (rising edge-triggered cell FDCE)
  Destination:            u_game_logic/key_ent_reg/D
                            (rising edge-triggered cell FDCE clocked by clk100MHZ  {rise@0.000ns fall@5.000ns period=10.000ns})
  Path Group:             (none)
  Path Type:              Hold (Min at Fast Process Corner)
  Data Path Delay:        0.337ns  (logic 0.128ns (38.033%)  route 0.209ns (61.967%))
  Logic Levels:           2  (FDCE=1 LUT6=1)
  Clock Uncertainty:      0.025ns  ((TSJ^2 + TIJ^2)^1/2 + DJ) / 2 + PE
    Total System Jitter     (TSJ):    0.050ns
    Total Input Jitter      (TIJ):    0.000ns
    Discrete Jitter          (DJ):    0.000ns
    Phase Error              (PE):    0.000ns

    Location             Delay type                Incr(ns)  Path(ns)    Netlist Resource(s)
  -------------------------------------------------------------------    -------------------
    SLICE_X80Y126        FDCE                         0.000     0.000 r  u_ps2/scan_code_reg[7]/C
    SLICE_X80Y126        FDCE (Prop_fdce_C_Q)         0.100     0.100 f  u_ps2/scan_code_reg[7]/Q
                         net (fo=15, routed)          0.209     0.309    u_ps2/ps2_scan_code[7]
    SLICE_X79Y127        LUT6 (Prop_lut6_I0_O)        0.028     0.337 r  u_ps2/key_ent_i_1/O
                         net (fo=1, routed)           0.000     0.337    u_game_logic/key_ent_reg_1
    SLICE_X79Y127        FDCE                                         r  u_game_logic/key_ent_reg/D
  -------------------------------------------------------------------    -------------------

                         (clock clk100MHZ rise edge)
                                                      0.000     0.000 r  
    AC18                                              0.000     0.000 r  clk (IN)
                         net (fo=0)                   0.000     0.000    clk
    AC18                 IBUF (Prop_ibuf_I_O)         0.312     0.312 r  clk_IBUF_inst/O
                         net (fo=1, routed)           1.143     1.455    clk_IBUF
    BUFGCTRL_X0Y0        BUFG (Prop_bufg_I_O)         0.030     1.485 r  clk_IBUF_BUFG_inst/O
                         net (fo=2995, routed)        0.761     2.246    u_game_logic/clk_IBUF_BUFG
    SLICE_X79Y127        FDCE                                         r  u_game_logic/key_ent_reg/C

Slack:                    inf
  Source:                 u_ps2/scan_code_reg[7]/C
                            (rising edge-triggered cell FDCE)
  Destination:            u_game_logic/key_spc_reg/D
                            (rising edge-triggered cell FDCE clocked by clk100MHZ  {rise@0.000ns fall@5.000ns period=10.000ns})
  Path Group:             (none)
  Path Type:              Hold (Min at Fast Process Corner)
  Data Path Delay:        0.338ns  (logic 0.128ns (37.920%)  route 0.210ns (62.080%))
  Logic Levels:           2  (FDCE=1 LUT6=1)
  Clock Uncertainty:      0.025ns  ((TSJ^2 + TIJ^2)^1/2 + DJ) / 2 + PE
    Total System Jitter     (TSJ):    0.050ns
    Total Input Jitter      (TIJ):    0.000ns
    Discrete Jitter          (DJ):    0.000ns
    Phase Error              (PE):    0.000ns

    Location             Delay type                Incr(ns)  Path(ns)    Netlist Resource(s)
  -------------------------------------------------------------------    -------------------
    SLICE_X80Y126        FDCE                         0.000     0.000 r  u_ps2/scan_code_reg[7]/C
    SLICE_X80Y126        FDCE (Prop_fdce_C_Q)         0.100     0.100 f  u_ps2/scan_code_reg[7]/Q
                         net (fo=15, routed)          0.210     0.310    u_ps2/ps2_scan_code[7]
    SLICE_X79Y127        LUT6 (Prop_lut6_I0_O)        0.028     0.338 r  u_ps2/key_spc_i_1/O
                         net (fo=1, routed)           0.000     0.338    u_game_logic/key_spc_reg_1
    SLICE_X79Y127        FDCE                                         r  u_game_logic/key_spc_reg/D
  -------------------------------------------------------------------    -------------------

                         (clock clk100MHZ rise edge)
                                                      0.000     0.000 r  
    AC18                                              0.000     0.000 r  clk (IN)
                         net (fo=0)                   0.000     0.000    clk
    AC18                 IBUF (Prop_ibuf_I_O)         0.312     0.312 r  clk_IBUF_inst/O
                         net (fo=1, routed)           1.143     1.455    clk_IBUF
    BUFGCTRL_X0Y0        BUFG (Prop_bufg_I_O)         0.030     1.485 r  clk_IBUF_BUFG_inst/O
                         net (fo=2995, routed)        0.761     2.246    u_game_logic/clk_IBUF_BUFG
    SLICE_X79Y127        FDCE                                         r  u_game_logic/key_spc_reg/C

Slack:                    inf
  Source:                 u_vga_top/u_vgac/vs_reg/C
                            (rising edge-triggered cell FDRE)
  Destination:            u_vga_top/vs_sync_reg[0]/D
                            (rising edge-triggered cell FDRE clocked by clk100MHZ  {rise@0.000ns fall@5.000ns period=10.000ns})
  Path Group:             (none)
  Path Type:              Hold (Min at Fast Process Corner)
  Data Path Delay:        0.343ns  (logic 0.091ns (26.535%)  route 0.252ns (73.465%))
  Logic Levels:           1  (FDRE=1)
  Clock Uncertainty:      0.025ns  ((TSJ^2 + TIJ^2)^1/2 + DJ) / 2 + PE
    Total System Jitter     (TSJ):    0.050ns
    Total Input Jitter      (TIJ):    0.000ns
    Discrete Jitter          (DJ):    0.000ns
    Phase Error              (PE):    0.000ns

    Location             Delay type                Incr(ns)  Path(ns)    Netlist Resource(s)
  -------------------------------------------------------------------    -------------------
    SLICE_X75Y142        FDRE                         0.000     0.000 r  u_vga_top/u_vgac/vs_reg/C
    SLICE_X75Y142        FDRE (Prop_fdre_C_Q)         0.091     0.091 r  u_vga_top/u_vgac/vs_reg/Q
                         net (fo=1, routed)           0.252     0.343    u_vga_top/D[0]
    SLICE_X78Y139        FDRE                                         r  u_vga_top/vs_sync_reg[0]/D
  -------------------------------------------------------------------    -------------------

                         (clock clk100MHZ rise edge)
                                                      0.000     0.000 r  
    AC18                                              0.000     0.000 r  clk (IN)
                         net (fo=0)                   0.000     0.000    clk
    AC18                 IBUF (Prop_ibuf_I_O)         0.312     0.312 r  clk_IBUF_inst/O
                         net (fo=1, routed)           1.143     1.455    clk_IBUF
    BUFGCTRL_X0Y0        BUFG (Prop_bufg_I_O)         0.030     1.485 r  clk_IBUF_BUFG_inst/O
                         net (fo=2995, routed)        0.772     2.257    u_vga_top/clk_IBUF_BUFG
    SLICE_X78Y139        FDRE                                         r  u_vga_top/vs_sync_reg[0]/C

Slack:                    inf
  Source:                 u_ps2/scan_code_reg[5]/C
                            (rising edge-triggered cell FDCE)
  Destination:            u_game_logic/key_s_reg/D
                            (rising edge-triggered cell FDCE clocked by clk100MHZ  {rise@0.000ns fall@5.000ns period=10.000ns})
  Path Group:             (none)
  Path Type:              Hold (Min at Fast Process Corner)
  Data Path Delay:        0.352ns  (logic 0.128ns (36.320%)  route 0.224ns (63.680%))
  Logic Levels:           2  (FDCE=1 LUT6=1)
  Clock Uncertainty:      0.025ns  ((TSJ^2 + TIJ^2)^1/2 + DJ) / 2 + PE
    Total System Jitter     (TSJ):    0.050ns
    Total Input Jitter      (TIJ):    0.000ns
    Discrete Jitter          (DJ):    0.000ns
    Phase Error              (PE):    0.000ns

    Location             Delay type                Incr(ns)  Path(ns)    Netlist Resource(s)
  -------------------------------------------------------------------    -------------------
    SLICE_X80Y126        FDCE                         0.000     0.000 r  u_ps2/scan_code_reg[5]/C
    SLICE_X80Y126        FDCE (Prop_fdce_C_Q)         0.100     0.100 r  u_ps2/scan_code_reg[5]/Q
                         net (fo=14, routed)          0.224     0.324    u_ps2/ps2_scan_code[5]
    SLICE_X78Y126        LUT6 (Prop_lut6_I3_O)        0.028     0.352 r  u_ps2/key_s_i_1/O
                         net (fo=1, routed)           0.000     0.352    u_game_logic/key_s_reg_1
    SLICE_X78Y126        FDCE                                         r  u_game_logic/key_s_reg/D
  -------------------------------------------------------------------    -------------------

                         (clock clk100MHZ rise edge)
                                                      0.000     0.000 r  
    AC18                                              0.000     0.000 r  clk (IN)
                         net (fo=0)                   0.000     0.000    clk
    AC18                 IBUF (Prop_ibuf_I_O)         0.312     0.312 r  clk_IBUF_inst/O
                         net (fo=1, routed)           1.143     1.455    clk_IBUF
    BUFGCTRL_X0Y0        BUFG (Prop_bufg_I_O)         0.030     1.485 r  clk_IBUF_BUFG_inst/O
                         net (fo=2995, routed)        0.759     2.244    u_game_logic/clk_IBUF_BUFG
    SLICE_X78Y126        FDCE                                         r  u_game_logic/key_s_reg/C

Slack:                    inf
  Source:                 u_ps2/scan_code_reg[0]/C
                            (rising edge-triggered cell FDCE)
  Destination:            u_game_logic/key_d_reg/D
                            (rising edge-triggered cell FDCE clocked by clk100MHZ  {rise@0.000ns fall@5.000ns period=10.000ns})
  Path Group:             (none)
  Path Type:              Hold (Min at Fast Process Corner)
  Data Path Delay:        0.419ns  (logic 0.128ns (30.523%)  route 0.291ns (69.477%))
  Logic Levels:           2  (FDCE=1 LUT6=1)
  Clock Uncertainty:      0.025ns  ((TSJ^2 + TIJ^2)^1/2 + DJ) / 2 + PE
    Total System Jitter     (TSJ):    0.050ns
    Total Input Jitter      (TIJ):    0.000ns
    Discrete Jitter          (DJ):    0.000ns
    Phase Error              (PE):    0.000ns

    Location             Delay type                Incr(ns)  Path(ns)    Netlist Resource(s)
  -------------------------------------------------------------------    -------------------
    SLICE_X81Y126        FDCE                         0.000     0.000 r  u_ps2/scan_code_reg[0]/C
    SLICE_X81Y126        FDCE (Prop_fdce_C_Q)         0.100     0.100 r  u_ps2/scan_code_reg[0]/Q
                         net (fo=12, routed)          0.291     0.391    u_ps2/ps2_scan_code[0]
    SLICE_X78Y127        LUT6 (Prop_lut6_I2_O)        0.028     0.419 r  u_ps2/key_d_i_1/O
                         net (fo=1, routed)           0.000     0.419    u_game_logic/key_d_reg_1
    SLICE_X78Y127        FDCE                                         r  u_game_logic/key_d_reg/D
  -------------------------------------------------------------------    -------------------

                         (clock clk100MHZ rise edge)
                                                      0.000     0.000 r  
    AC18                                              0.000     0.000 r  clk (IN)
                         net (fo=0)                   0.000     0.000    clk
    AC18                 IBUF (Prop_ibuf_I_O)         0.312     0.312 r  clk_IBUF_inst/O
                         net (fo=1, routed)           1.143     1.455    clk_IBUF
    BUFGCTRL_X0Y0        BUFG (Prop_bufg_I_O)         0.030     1.485 r  clk_IBUF_BUFG_inst/O
                         net (fo=2995, routed)        0.761     2.246    u_game_logic/clk_IBUF_BUFG
    SLICE_X78Y127        FDCE                                         r  u_game_logic/key_d_reg/C

Slack:                    inf
  Source:                 u_ps2/scan_code_reg[0]/C
                            (rising edge-triggered cell FDCE)
  Destination:            u_game_logic/key_j_reg/D
                            (rising edge-triggered cell FDCE clocked by clk100MHZ  {rise@0.000ns fall@5.000ns period=10.000ns})
  Path Group:             (none)
  Path Type:              Hold (Min at Fast Process Corner)
  Data Path Delay:        0.431ns  (logic 0.128ns (29.689%)  route 0.303ns (70.311%))
  Logic Levels:           2  (FDCE=1 LUT6=1)
  Clock Uncertainty:      0.025ns  ((TSJ^2 + TIJ^2)^1/2 + DJ) / 2 + PE
    Total System Jitter     (TSJ):    0.050ns
    Total Input Jitter      (TIJ):    0.000ns
    Discrete Jitter          (DJ):    0.000ns
    Phase Error              (PE):    0.000ns

    Location             Delay type                Incr(ns)  Path(ns)    Netlist Resource(s)
  -------------------------------------------------------------------    -------------------
    SLICE_X81Y126        FDCE                         0.000     0.000 r  u_ps2/scan_code_reg[0]/C
    SLICE_X81Y126        FDCE (Prop_fdce_C_Q)         0.100     0.100 r  u_ps2/scan_code_reg[0]/Q
                         net (fo=12, routed)          0.303     0.403    u_ps2/ps2_scan_code[0]
    SLICE_X79Y128        LUT6 (Prop_lut6_I3_O)        0.028     0.431 r  u_ps2/key_j_i_1/O
                         net (fo=1, routed)           0.000     0.431    u_game_logic/key_j_reg_1
    SLICE_X79Y128        FDCE                                         r  u_game_logic/key_j_reg/D
  -------------------------------------------------------------------    -------------------

                         (clock clk100MHZ rise edge)
                                                      0.000     0.000 r  
    AC18                                              0.000     0.000 r  clk (IN)
                         net (fo=0)                   0.000     0.000    clk
    AC18                 IBUF (Prop_ibuf_I_O)         0.312     0.312 r  clk_IBUF_inst/O
                         net (fo=1, routed)           1.143     1.455    clk_IBUF
    BUFGCTRL_X0Y0        BUFG (Prop_bufg_I_O)         0.030     1.485 r  clk_IBUF_BUFG_inst/O
                         net (fo=2995, routed)        0.762     2.247    u_game_logic/clk_IBUF_BUFG
    SLICE_X79Y128        FDCE                                         r  u_game_logic/key_j_reg/C

Slack:                    inf
  Source:                 u_ps2/key_ready_reg/C
                            (rising edge-triggered cell FDCE)
  Destination:            u_game_logic/key_1_reg/D
                            (rising edge-triggered cell FDCE clocked by clk100MHZ  {rise@0.000ns fall@5.000ns period=10.000ns})
  Path Group:             (none)
  Path Type:              Hold (Min at Fast Process Corner)
  Data Path Delay:        0.462ns  (logic 0.157ns (33.970%)  route 0.305ns (66.030%))
  Logic Levels:           2  (FDCE=1 LUT5=1)
  Clock Uncertainty:      0.025ns  ((TSJ^2 + TIJ^2)^1/2 + DJ) / 2 + PE
    Total System Jitter     (TSJ):    0.050ns
    Total Input Jitter      (TIJ):    0.000ns
    Discrete Jitter          (DJ):    0.000ns
    Phase Error              (PE):    0.000ns

    Location             Delay type                Incr(ns)  Path(ns)    Netlist Resource(s)
  -------------------------------------------------------------------    -------------------
    SLICE_X80Y125        FDCE                         0.000     0.000 r  u_ps2/key_ready_reg/C
    SLICE_X80Y125        FDCE (Prop_fdce_C_Q)         0.091     0.091 r  u_ps2/key_ready_reg/Q
                         net (fo=10, routed)          0.305     0.396    u_ps2/ps2_key_ready
    SLICE_X80Y129        LUT5 (Prop_lut5_I2_O)        0.066     0.462 r  u_ps2/key_1_i_1/O
                         net (fo=1, routed)           0.000     0.462    u_game_logic/key_1_reg_1
    SLICE_X80Y129        FDCE                                         r  u_game_logic/key_1_reg/D
  -------------------------------------------------------------------    -------------------

                         (clock clk100MHZ rise edge)
                                                      0.000     0.000 r  
    AC18                                              0.000     0.000 r  clk (IN)
                         net (fo=0)                   0.000     0.000    clk
    AC18                 IBUF (Prop_ibuf_I_O)         0.312     0.312 r  clk_IBUF_inst/O
                         net (fo=1, routed)           1.143     1.455    clk_IBUF
    BUFGCTRL_X0Y0        BUFG (Prop_bufg_I_O)         0.030     1.485 r  clk_IBUF_BUFG_inst/O
                         net (fo=2995, routed)        0.764     2.249    u_game_logic/clk_IBUF_BUFG
    SLICE_X80Y129        FDCE                                         r  u_game_logic/key_1_reg/C





